0, 1626188933, 100010882
1, 1626275390, 100011546
2, 1626361746, 100009834
3, 1626448082, 100002201
4, 1626534476, 100040000
5, 1626620827, 100014634
6, 1626707211, 100013934
7, 1626793590, 100000000
8, 1626879928, 100014495
9, 1626966322, 100009530
10, 1627052643, 100023494
11, 1627139018, 100012200
12, 1627225402, 100000000
13, 1627311818, 100023663
14, 1627398176, 100021117
15, 1627484491, 99998190
16, 1627570843, 100010088
17, 1627657232, 100003571
18, 1627743620, 99990000
19, 1627830015, 99994246
20, 1627916336, 99999791
21, 1628002768, 100000000
22, 1628089094, 100000000
23, 1628175430, 100010300
24, 1628261789, 100000000
25, 1628348133, 100000000
26, 1628434492, 99981968
27, 1628520900, 100000000
28, 1628607271, 99991053
29, 1628693600, 99979321
30, 1628780017, 100005072
31, 1628866395, 100000000
32, 1628952758, 99999536
33, 1629039139, 99999656
34, 1629125431, 99992541
35, 1629211845, 99990825
36, 1629298236, 99991389
37, 1629384500, 100010691
38, 1629470885, 99999575
39, 1629557284, 100000000
40, 1629643631, 99995616
41, 1629729974, 100001553
42, 1629816313, 100000987
43, 1629902677, 100008126
44, 1629989070, 100000211
45, 1630075451, 100016089
46, 1630161835, 100008729
47, 1630248200, 100000000
48, 1630334593, 100018595
49, 1630420978, 99996143
50, 1630507363, 100000000
51, 1630593759, 100000948
52, 1630680116, 100039478
53, 1630766504, 100008337
54, 1630852824, 100000000
55, 1630939187, 100003376
56, 1631025572, 100005486
57, 1631111951, 100017243
58, 1631198320, 100003943
59, 1631284671, 100009464
60, 1631371029, 100002179
61, 1631457453, 100000000
62, 1631543817, 99990083
63, 1631631541, 100020000
64, 1631717882, 100000000
65, 1631737352, 100010812
66, 1631823680, 100000000
67, 1631910054, 100017124
68, 1631996429, 100000000
69, 1632082846, 100004271
70, 1632169253, 100021463
71, 1632255620, 100008946
72, 1632342017, 99994653
73, 1632428404, 100003389
74, 1632514755, 100029930
75, 1632601138, 100021991
76, 1632687466, 100017523
77, 1632773909, 100037453
78, 1632860376, 100009083
79, 1632946746, 100015243
80, 1633033144, 100000000
81, 1633119520, 100000000
82, 1633205892, 99995188
83, 1633292194, 99983006
84, 1633378524, 100005836
85, 1633464864, 100003934
86, 1633551232, 100017935
87, 1633610428, 100000000
88, 1633696756, 99999874
89, 1633783119, 100000000
90, 1633869432, 99980114
91, 1633955783, 100005717
92, 1634042164, 100000000
93, 1634128551, 100000000
94, 1634214911, 99989366
95, 1634301288, 100025341
96, 1634316907, 100297945
97, 1634316959, 100000000
98, 1634403403, 100003854
99, 1634489794, 100000000
100, 1634576199, 100045644
101, 1634662560, 100013547
102, 1634748924, 100001970
103, 1634835267, 100040177
104, 1634921658, 100086788
105, 1635008031, 100014135
106, 1635044680, 100281021
107, 1635044848, 100017207
108, 1635045134, 100364336
109, 1635045335, 100068704
110, 1635045571, 100323703
111, 1635045783, 100063933
112, 1635050910, 100360694
113, 1635050947, 100082753
114, 1635054742, 100342150
115, 1635054852, 100042002
116, 1635055386, 100384663
117, 1635055497, 100071591
118, 1635057316, 100385035
119, 1635057364, 100083753
120, 1635074900, 100383366
121, 1635074947, 100098711
122, 1635161319, 100048586
123, 1635232979, 100325215
124, 1635233112, 100024078
125, 1635233732, 100316317
126, 1635233835, 100057601
127, 1635233934, 100335649
128, 1635234155, 100364075
129, 1635235134, 100278867
130, 1635235226, 100022316
131, 1635244000, 100395426
132, 1635244022, 100039061
133, 1635244278, 100330197
134, 1635244609, 100297363
135, 1635246178, 100310965
136, 1635246330, 100020289
137, 1635261743, 100502146
138, 1635261774, 100135739
139, 1635261855, 100458458
140, 1635261884, 100048789
141, 1635262273, 100352312
142, 1635262437, 100078920
143, 1635262667, 100453077
144, 1635262741, 100035365
145, 1635262926, 100296095
146, 1635262934, 100031813
147, 1635263197, 100509306
148, 1635263300, 100081120
149, 1635264036, 100509090
150, 1635264101, 100018180
151, 1635290272, 100303253
152, 1635290573, 100004026
153, 1635290856, 100332139
154, 1635290985, 100000370
155, 1635294843, 100502446
156, 1635295295, 100500503
157, 1635300747, 99969908
158, 1635309603, 100340372
159, 1635309706, 100000000
160, 1635309807, 100305889
161, 1635309861, 100000000
162, 1635396203, 99972504
163, 1635448311, 100243137
164, 1635453263, 99990000
165, 1635498938, 100270556
166, 1635498987, 100000000
167, 1635523670, 100281441
168, 1635523827, 100000000
169, 1635610206, 100017580
170, 1635696566, 100021163
171, 1635782946, 100000000
172, 1635869341, 100009873
173, 1635955690, 100000000
174, 1636042062, 100000000
175, 1636128423, 100024232
176, 1636214801, 100007178
177, 1636301169, 100018016
178, 1636387558, 100000000
179, 1636473926, 100004051
180, 1636560317, 100000000
181, 1636646671, 99988805
182, 1636733010, 100017780
183, 1636819374, 100050505
184, 1636905722, 100005670
185, 1636992062, 100012121
186, 1637078436, 100005640
187, 1637164746, 100109717
188, 1637251118, 100074714
189, 1637337527, 100035088
190, 1637423806, 100032747
191, 1637510209, 100036483
192, 1637596566, 100043303
193, 1637682914, 99990000
194, 1637769304, 99999214
195, 1637855596, 100000000
196, 1637941993, 100023355
197, 1638028362, 100019936
198, 1638114759, 100181967
199, 1638201137, 100039940
200, 1638287502, 100000000
201, 1638373867, 100011029
202, 1638460221, 99985478
203, 1638468413, 100050132
204, 1638547852, 99777125
205, 1638549813, 100073508
206, 1638597265, 100344883
207, 1638597589, 100000000
208, 1638598046, 100483391
209, 1638598164, 100085083
210, 1638599632, 100340978
211, 1638600234, 100077617
212, 1638600362, 100345494
213, 1638605705, 100296919
214, 1638605752, 99996696
215, 1638692161, 100003846
216, 1638778521, 99994686
217, 1638791703, 100311709
218, 1638791804, 100058700
219, 1638878163, 100000000
220, 1638964528, 99852080
221, 1638967005, 100126995
222, 1639053374, 100000000
223, 1639093658, 100260767
224, 1639094365, 100007665
225, 1639179235, 100264679
226, 1639179357, 100006286
227, 1639265759, 100000000
228, 1639352137, 100010902
229, 1639416055, 100292178
230, 1639416397, 100031973
231, 1639502775, 100059253
232, 1639518187, 100416392
233, 1639594847, 100310981
234, 1639595393, 100027128
235, 1639595969, 100279917
236, 1639596431, 100000000
237, 1639600676, 100250275
238, 1639602175, 99990000
239, 1639688581, 100039203
240, 1639774942, 100001873
241, 1639861292, 100000000
242, 1639947701, 100012038
243, 1640034038, 100000000
244, 1640120400, 100000000
245, 1640186892, 100348711
246, 1640187204, 100032176
247, 1640197115, 100385528
248, 1640197915, 100093829
249, 1640198240, 100392750
250, 1640198972, 100087260
251, 1640199137, 100406262
252, 1640200058, 100129694
253, 1640201375, 100464061
254, 1640201423, 100457833
255, 1640201500, 100164939
256, 1640201573, 100457730
257, 1640201623, 100429439
258, 1640201702, 100435968
259, 1640201798, 100153879
260, 1640288151, 99993359
261, 1640374488, 100009311
262, 1640460863, 100000000
263, 1640547247, 99980821
264, 1640633607, 100000000
265, 1640719972, 100010448
266, 1640806337, 100003771
267, 1640892711, 100000000
268, 1640979087, 99985372
269, 1641065463, 99998959
270, 1641151916, 99999183
271, 1641238196, 100012262
272, 1641324544, 100000000
273, 1641410852, 100000000
274, 1641497202, 100000000
275, 1641583539, 100012182
276, 1641669984, 100025549
277, 1641760070, 100011927
278, 1641846458, 100004137
279, 1641932834, 100000000
280, 1642019182, 100002932
281, 1642105533, 99982316
282, 1642191869, 100000000
283, 1642278250, 100011493
284, 1642364654, 99999755
285, 1642451022, 100027717
286, 1642537395, 100000000
287, 1642623755, 100001532
288, 1642710228, 100000000
289, 1642796577, 100000000
290, 1642817377, 100007553
291, 1642847633, 100176032
292, 1642847743, 100017558
293, 1642847983, 100019375
294, 1642934367, 100005014
295, 1642979262, 100110022
296, 1642981345, 100009341
297, 1643067728, 100000000
298, 1643105500, 100106393
299, 1643105563, 100004393
300, 1643161559, 99994924
301, 1643163922, 100000000
302, 1643167537, 100004029
303, 1643253957, 100009819
304, 1643340331, 100019079
305, 1643426694, 100010604
306, 1643513149, 100010769
307, 1643599525, 100000000
308, 1643685867, 100000418
309, 1643772256, 100000000
310, 1643858619, 100000000
311, 1643944987, 100000000
312, 1644031382, 100000000
313, 1644117718, 100000000
314, 1644204101, 100012742
315, 1644290452, 100017209
316, 1644376828, 100011950
317, 1644463231, 100000000
318, 1644549664, 100002459
319, 1644636037, 100004373
320, 1644722432, 100000000
321, 1644808856, 100000000
322, 1644825257, 100100000
323, 1644826156, 99998018
324, 1644912568, 100018573
325, 1644998899, 100012705
326, 1645085223, 100000000
327, 1645171623, 100011706
328, 1645257980, 100008184
329, 1645344336, 100060063
330, 1645430669, 100003158
331, 1645517035, 100000000
332, 1645603418, 100027895
333, 1645675523, 100163581
334, 1645675709, 100024894
335, 1645677117, 100200000
336, 1645677308, 100082832
337, 1645682508, 99980583
338, 1645682723, 100118715
339, 1645682856, 100006657
340, 1645682980, 100122010
341, 1645683131, 100000976
342, 1645685269, 100102311
343, 1645685613, 100000000
344, 1645687219, 100100000
345, 1645687401, 99999856
346, 1645688089, 100100000
347, 1645689247, 99990000
348, 1645692824, 100106735
349, 1645693452, 100000000
350, 1645695262, 100109038
351, 1645696051, 100004068
352, 1645696495, 100109519
353, 1645697254, 100003316
354, 1645698302, 100106549
355, 1645698561, 100000000
356, 1645699004, 100109985
357, 1645699136, 100002207
358, 1645701267, 100102509
359, 1645702539, 100000000
360, 1645708535, 100100444
361, 1645710271, 99999991
362, 1645796660, 100008061
363, 1645883008, 99994452
364, 1645914379, 100106811
365, 1645914782, 100006120
366, 1645992459, 100111489
367, 1645993203, 100002518
368, 1646079470, 100002187
369, 1646165856, 100009958
370, 1646252175, 100020388
371, 1646338540, 100000000
372, 1646407531, 100100000
373, 1646407703, 100137066
374, 1646407723, 100003325
375, 1646494080, 99995925
376, 1646580420, 100014059
377, 1646666799, 100001686
378, 1646753192, 100000000
379, 1646839570, 99986718
380, 1646920249, 99850914
381, 1646920404, 99983259
382, 1647006799, 100000000
383, 1647093182, 100000000
384, 1647134323, 100100000
385, 1647135591, 99983714
386, 1647208410, 100100000
387, 1647208671, 99997745
388, 1647295076, 100000000
389, 1647381425, 100020210
390, 1647467802, 99998202
391, 1647554112, 100000849
392, 1647640422, 99993654
393, 1647726800, 99959140
394, 1647813146, 99991224
395, 1647899514, 99993167
396, 1647985907, 99999120
397, 1648072257, 99993431
398, 1648090933, 99992805
399, 1648177304, 100000000
400, 1648263697, 100003262
401, 1648350014, 99992412
402, 1648436404, 99982764
403, 1648522783, 100001657
404, 1648609145, 99975000
405, 1648695540, 99992243
406, 1648781910, 100008489
407, 1648868279, 100007088
408, 1648954659, 99995186
409, 1649040971, 99996547
410, 1649127345, 100001610
411, 1649157399, 100102112
412, 1649243787, 100000000
413, 1649330119, 100018286
414, 1649348139, 100142887
415, 1649348298, 100027234
416, 1649394071, 100137653
417, 1649394097, 100010636
418, 1649398585, 100200000
419, 1649398632, 100004726
420, 1649484996, 99999746
421, 1649571288, 99994058
422, 1649657643, 100000000
423, 1649672063, 100100000
424, 1649672987, 99996093
425, 1649673818, 100100000
426, 1649673950, 99998076
427, 1649760325, 99998488
428, 1649846709, 100005700
429, 1649933102, 99990000
430, 1650019465, 100002598
431, 1650105875, 99992693
432, 1650192242, 99999369
433, 1650278607, 99989382
434, 1650364975, 99994271
435, 1650451302, 99997469
436, 1650537684, 99998589
437, 1650624010, 100003283
438, 1650710387, 100000000
439, 1650736023, 100100000
440, 1650736629, 99998452
441, 1650775727, 100100000
442, 1650781924, 99998742
443, 1650868273, 100000000
444, 1650895957, 100100000
445, 1650896309, 99992684
446, 1650982665, 100000000
447, 1651069065, 99998417
448, 1651155459, 100000000
449, 1651241832, 100009326
450, 1651328209, 100008407
451, 1651349619, 100115587
452, 1651349817, 100007286
453, 1651435922, 100120391
454, 1651435988, 100008155
455, 1651516254, 100112769
456, 1651602523, 100008110
457, 1651688898, 100015216
458, 1651775172, 100006253
459, 1651861584, 100009736
460, 1651940825, 100117522
461, 1652027171, 100062712
462, 1652055739, 99958774
463, 1652060165, 100078699
464, 1652119012, 99977716
465, 1652127856, 100092229
466, 1652130247, 100200000
467, 1652130289, 100037016
468, 1652216699, 100016850
469, 1652221922, 100122768
470, 1652222113, 100004900
471, 1652223272, 100132225
472, 1652225718, 100141939
473, 1652225798, 100028963
474, 1652250013, 100172596
475, 1652250088, 100031982
476, 1652256793, 100135056
477, 1652256899, 100027086
478, 1652258017, 100138044
479, 1652258725, 100026135
480, 1652259955, 100145495
481, 1652260049, 100040993
482, 1652261738, 100156091
483, 1652261904, 100004395
484, 1652267438, 100104869
485, 1652268220, 99997344
486, 1652268520, 100100631
487, 1652269633, 100000508
488, 1652270098, 100147771
489, 1652271709, 100021980
490, 1652272747, 100171791
491, 1652272978, 100502253
492, 1652273014, 100393607
493, 1652273107, 100539176
494, 1652273272, 101041000
495, 1652273419, 100825196
496, 1652273539, 100729047
497, 1652273699, 100443981
498, 1652273765, 100331971
499, 1652273907, 100159040
500, 1652274250, 100316798
501, 1652274601, 100544710
502, 1652274737, 100548950
503, 1652275018, 100278842
504, 1652275049, 100548238
505, 1652275174, 100249172
506, 1652275220, 100128618
507, 1652275716, 100258800
508, 1652275784, 100077800
509, 1652275874, 100177972
510, 1652276054, 100308876
511, 1652276082, 100075809
512, 1652276153, 100200000
513, 1652276370, 100307623
514, 1652276618, 100438710
515, 1652276911, 100189160
516, 1652277016, 100294957
517, 1652277200, 100138037
518, 1652278716, 100271282
519, 1652278864, 100169987
520, 1652279121, 100062293
521, 1652285722, 100181309
522, 1652286309, 100070459
523, 1652286433, 100208929
524, 1652286506, 100100124
525, 1652288648, 100239726
526, 1652288811, 100111003
527, 1652289135, 100235916
528, 1652289250, 100260195
529, 1652289267, 100050413
530, 1652289943, 100180502
531, 1652290063, 100075594
532, 1652291424, 100176579
533, 1652292924, 100068596
534, 1652293061, 100192805
535, 1652293305, 100089388
536, 1652294624, 100239859
537, 1652294817, 100100000
538, 1652294992, 100221953
539, 1652295523, 100118716
540, 1652295723, 100007457
541, 1652295802, 100159564
542, 1652295858, 100279949
543, 1652296296, 100261187
544, 1652296411, 100375768
545, 1652296496, 100184290
546, 1652296640, 100300011
547, 1652296657, 100170455
548, 1652297331, 100341221
549, 1652297405, 100236655
550, 1652297462, 100339594
551, 1652297556, 100236995
552, 1652297763, 100109430
553, 1652297837, 100235439
554, 1652297910, 100099400
555, 1652298760, 100300000
556, 1652298776, 100129246
557, 1652298953, 100300000
558, 1652299034, 100079340
559, 1652299293, 100183300
560, 1652299685, 100079340
561, 1652300096, 100277528
562, 1652300186, 100118880
563, 1652300243, 100219689
564, 1652301029, 100357620
565, 1652301095, 100245223
566, 1652301178, 100349759
567, 1652301298, 100454062
568, 1652302067, 100309403
569, 1652302651, 100191884
570, 1652302831, 100343337
571, 1652302920, 100155227
572, 1652303031, 100284475
573, 1652303611, 100409664
574, 1652304099, 100282206
575, 1652304380, 100279342
576, 1652304750, 100060302
577, 1652305352, 100178465
578, 1652305442, 100316800
579, 1652305497, 100168350
580, 1652305597, 100300000
581, 1652305937, 100142777
582, 1652306017, 100257281
583, 1652306168, 100148250
584, 1652306352, 100270247
585, 1652306670, 100162701
586, 1652308311, 100050879
587, 1652308474, 100281131
588, 1652308627, 100064326
589, 1652308807, 100069756
590, 1652308858, 100184359
591, 1652308972, 100069372
592, 1652309107, 100174388
593, 1652309162, 100070117
594, 1652309250, 100200000
595, 1652309386, 100074421
596, 1652309559, 100200000
597, 1652309642, 100200000
598, 1652310178, 100076647
599, 1652310305, 100184450
600, 1652310548, 100308662
601, 1652310826, 100160362
602, 1652310904, 100055011
603, 1652310950, 100189524
604, 1652311224, 100025532
605, 1652311267, 100209833
606, 1652311384, 100068119
607, 1652311608, 100193166
608, 1652311781, 100087950
609, 1652311824, 100292145
610, 1652311939, 100146044
611, 1652312454, 100264054
612, 1652312857, 100148868
613, 1652312957, 100309964
614, 1652313014, 100131256
615, 1652313093, 100350139
616, 1652313201, 100152544
617, 1652313920, 100328970
618, 1652314000, 100170248
619, 1652314507, 100019444
620, 1652314749, 100131664
621, 1652315404, 100294171
622, 1652315512, 100187591
623, 1652315653, 100060623
624, 1652316023, 100260302
625, 1652316454, 100233470
626, 1652316480, 100130720
627, 1652319187, 100297981
628, 1652319286, 100180014
629, 1652320638, 100061906
630, 1652320903, 100174959
631, 1652321069, 100051973
632, 1652321643, 100179511
633, 1652321713, 100071124
634, 1652322108, 100242577
635, 1652322208, 100122527
636, 1652322936, 100007372
637, 1652323359, 100200000
638, 1652323646, 100077900
639, 1652323998, 100183609
640, 1652324328, 100299663
641, 1652324415, 100163198
642, 1652324687, 100280738
643, 1652324727, 100100000
644, 1652324942, 100258941
645, 1652325183, 100077900
646, 1652325235, 100200000
647, 1652325449, 100085037
648, 1652325769, 100285066
649, 1652325984, 100085991
650, 1652326055, 100216077
651, 1652327052, 100403530
652, 1652327186, 100258309
653, 1652327249, 100127180
654, 1652327346, 100117120
655, 1652327689, 100333302
656, 1652327734, 100107060
657, 1652327930, 100389007
658, 1652327994, 100374135
659, 1652328057, 100183650
660, 1652328156, 100076880
661, 1652328181, 100195790
662, 1652328745, 100309793
663, 1652328913, 100144794
664, 1652329253, 100377556
665, 1652329354, 100400000
666, 1652329606, 100278167
667, 1652329622, 100176360
668, 1652329917, 100358893
669, 1652329980, 100186430
670, 1652330356, 100400000
671, 1652330430, 100282524
672, 1652330637, 100395546
673, 1652330715, 100246748
674, 1652330941, 100392519
675, 1652331006, 100186430
676, 1652331126, 100149504
677, 1652331400, 100289919
678, 1652331507, 100454541
679, 1652331564, 100200000
680, 1652331690, 100186430
681, 1652331855, 100400000
682, 1652331969, 100283404
683, 1652332363, 100534961
684, 1652332552, 100255680
685, 1652332677, 100276650
686, 1652332976, 100555344
687, 1652333089, 100454600
688, 1652333322, 100563844
689, 1652333364, 100677784
690, 1652333445, 100782106
691, 1652333651, 100918032
692, 1652333744, 101100000
693, 1652333830, 100918032
694, 1652334055, 100800000
695, 1652334238, 100826199
696, 1652334323, 100613999
697, 1652334370, 100506977
698, 1652334504, 100618126
699, 1652334599, 100756720
700, 1652334710, 100891608
701, 1652334926, 101006986
702, 1652335240, 101000000
703, 1652335491, 101149466
704, 1652335870, 101400000
705, 1652336059, 101261488
706, 1652336102, 101401020
707, 1652336250, 101515460
708, 1652336285, 101300000
709, 1652336378, 101059192
710, 1652336487, 101199150
711, 1652336548, 101087545
712, 1652336805, 100910995
713, 1652336926, 101000000
714, 1652336967, 101119669
715, 1652337036, 101253947
716, 1652337215, 101007703
717, 1652337429, 100851400
718, 1652337514, 101068424
719, 1652337664, 100964649
720, 1652337832, 101221199
721, 1652337930, 101041888
722, 1652338032, 101440663
723, 1652338282, 101097499
724, 1652338360, 100978788
725, 1652338560, 101089432
726, 1652338584, 101203442
727, 1652338612, 101383102
728, 1652338695, 101192543
729, 1652338737, 101409401
730, 1652338828, 101985000
731, 1652338858, 101592134
732, 1652339090, 101964633
733, 1652339118, 101856751
734, 1652339202, 101961044
735, 1652339240, 102054219
736, 1652339674, 102156949
737, 1652339751, 102264572
738, 1652339856, 102125368
739, 1652339987, 103175580
740, 1652340229, 102261000
741, 1652340268, 102393262
742, 1652340316, 102022662
743, 1652340403, 101918857
744, 1652340442, 102351036
745, 1652340504, 102185300
746, 1652340643, 101688950
747, 1652340723, 101348959
748, 1652340812, 101084420
749, 1652340872, 101315945
750, 1652341019, 101431750
751, 1652341099, 101115680
752, 1652341128, 101005114
753, 1652341195, 100734180
754, 1652341229, 101313443
755, 1652341368, 101161690
756, 1652341390, 101341813
757, 1652341465, 101180080
758, 1652341633, 101010944
759, 1652341688, 100692740
760, 1652341765, 100921760
761, 1652341957, 100600667
762, 1652342015, 100813393
763, 1652342046, 100974840
764, 1652342194, 101091024
765, 1652342250, 100799860
766, 1652342702, 100902175
767, 1652342766, 100547860
768, 1652343086, 100390960
769, 1652343323, 100404723
770, 1652343531, 100531821
771, 1652343610, 100430231
772, 1652343669, 100585596
773, 1652343983, 100388070
774, 1652343991, 100684621
775, 1652344157, 100698903
776, 1652344228, 100575300
777, 1652344340, 100726574
778, 1652344587, 100849405
779, 1652344867, 100714800
780, 1652345029, 101000000
781, 1652345124, 100855582
782, 1652345709, 100855438
783, 1652345895, 100958995
784, 1652345963, 100854456
785, 1652346032, 100714350
786, 1652346162, 100854456
787, 1652346265, 100724742
788, 1652346311, 100934156
789, 1652346363, 100439258
790, 1652346490, 100556303
791, 1652346711, 100657524
792, 1652347006, 100771389
793, 1652347410, 100648960
794, 1652347452, 100369349
795, 1652347481, 100515050
796, 1652347542, 100472820
797, 1652347687, 100318478
798, 1652347813, 100425560
799, 1652347868, 100547890
800, 1652347913, 100418136
801, 1652348272, 100539500
802, 1652348433, 100643004
803, 1652348461, 100365997
804, 1652348660, 100646232
805, 1652348686, 100518095
806, 1652348764, 100394930
807, 1652349071, 100519853
808, 1652349172, 100627318
809, 1652349256, 100485030
810, 1652349320, 100371500
811, 1652349419, 100539382
812, 1652349537, 100413350
813, 1652349566, 100653488
814, 1652349640, 100345520
815, 1652349843, 100474480
816, 1652349863, 100605762
817, 1652349974, 100469708
818, 1652350013, 100283180
819, 1652350472, 100461764
820, 1652350555, 100251359
821, 1652350616, 100574056
822, 1652350715, 100290378
823, 1652350721, 100480309
824, 1652350843, 100671210
825, 1652351013, 100521578
826, 1652351124, 100402070
827, 1652351386, 100513789
828, 1652351513, 100614692
829, 1652351554, 100452462
830, 1652351752, 100349396
831, 1652351790, 100639973
832, 1652351860, 100460959
833, 1652351933, 100603962
834, 1652351966, 100421210
835, 1652352308, 100561122
836, 1652352374, 100422522
837, 1652352978, 100533576
838, 1652353005, 100359717
839, 1652353209, 100464544
840, 1652353394, 100356370
841, 1652353629, 100599090
842, 1652353820, 100467537
843, 1652353922, 100343510
844, 1652353948, 100492799
845, 1652355639, 100135222
846, 1652355779, 100278368
847, 1652356313, 100137238
848, 1652356527, 100356597
849, 1652356559, 100225071
850, 1652356910, 100385246
851, 1652356976, 100157518
852, 1652358302, 100300000
853, 1652358911, 100232039
854, 1652360247, 100343336
855, 1652360361, 100216765
856, 1652360903, 100108406
857, 1652361542, 100220535
858, 1652362635, 100106293
859, 1652363228, 100349698
860, 1652363296, 100215675
861, 1652363724, 100075660
862, 1652363941, 100293724
863, 1652364402, 100297889
864, 1652364791, 100400000
865, 1652364825, 100285894
866, 1652365164, 100168670
867, 1652365506, 100300000
868, 1652365587, 100181826
869, 1652366207, 100322446
870, 1652366350, 100165699
871, 1652366406, 100456311
872, 1652366504, 100342062
873, 1652366551, 100200465
874, 1652367899, 100099951
875, 1652367974, 100205494
876, 1652368519, 100087950
877, 1652369285, 100281710
878, 1652369339, 100167756
879, 1652369641, 100297009
880, 1652369695, 100192568
881, 1652371296, 100074306
882, 1652371810, 100272895
883, 1652371964, 100170890
884, 1652372565, 100310873
885, 1652372576, 100170293
886, 1652372768, 100163925
887, 1652373723, 100271679
888, 1652375287, 100278825
889, 1652375574, 100169080
890, 1652375657, 100279387
891, 1652375787, 100178063
892, 1652378947, 100307637
893, 1652379019, 100176480
894, 1652380368, 100345141
895, 1652380472, 100185895
896, 1652383505, 100083726
897, 1652384037, 100191490
898, 1652384290, 100087402
899, 1652384752, 100309691
900, 1652384821, 100128881
901, 1652385188, 100239810
902, 1652385272, 100135759
903, 1652385377, 100269525
904, 1652385474, 100130962
905, 1652386109, 100291047
906, 1652386264, 100177790
907, 1652386536, 100060710
908, 1652386717, 100235386
909, 1652386826, 100110426
910, 1652388100, 100217787
911, 1652388264, 100107151
912, 1652388601, 100222556
913, 1652388710, 100073653
914, 1652388893, 100217075
915, 1652388988, 100107178
916, 1652389323, 100215202
917, 1652389324, 100103187
918, 1652389563, 100309808
919, 1652389635, 100177454
920, 1652389846, 100063851
921, 1652389957, 100225066
922, 1652390034, 100335180
923, 1652390629, 100200000
924, 1652391009, 100088137
925, 1652391176, 100288687
926, 1652391353, 100300000
927, 1652391448, 100141798
928, 1652391484, 100300000
929, 1652391517, 100125974
930, 1652391647, 100300000
931, 1652391740, 100090625
932, 1652391817, 100282312
933, 1652391905, 100152868
934, 1652392069, 100367376
935, 1652392109, 100090757
936, 1652392301, 100243059
937, 1652392364, 100107984
938, 1652392490, 100291200
939, 1652392641, 100130381
940, 1652392889, 100277707
941, 1652393313, 100240328
942, 1652393529, 100135678
943, 1652393909, 100300000
944, 1652394002, 100130812
945, 1652394478, 100270436
946, 1652394535, 100153347
947, 1652394567, 100278172
948, 1652394652, 100160421
949, 1652394858, 100266545
950, 1652395409, 100143686
951, 1652395470, 100167450
952, 1652395519, 100338416
953, 1652395599, 100137450
954, 1652396107, 100325957
955, 1652396158, 100214627
956, 1652396252, 100113461
957, 1652396427, 100289299
958, 1652396537, 100101883
959, 1652396586, 100326466
960, 1652396662, 100209194
961, 1652396702, 100100618
962, 1652396786, 100253712
963, 1652397164, 100151240
964, 1652398312, 100280978
965, 1652398455, 100170051
966, 1652400287, 100273338
967, 1652400962, 100131612
968, 1652401022, 100282237
969, 1652401056, 100133754
970, 1652401832, 100261777
971, 1652401949, 100084163
972, 1652402725, 100264306
973, 1652402882, 100136845
974, 1652403297, 100022178
975, 1652404699, 100168359
976, 1652404798, 100061476
977, 1652405421, 100175330
978, 1652406051, 100075047
979, 1652406462, 100233931
980, 1652406555, 100103290
981, 1652406757, 100250391
982, 1652406907, 100115903
983, 1652407737, 100290954
984, 1652407836, 100089974
985, 1652408008, 100229096
986, 1652408423, 100228843
987, 1652408542, 100100000
988, 1652409420, 100200361
989, 1652409703, 100091609
990, 1652409776, 100219944
991, 1652410011, 100119214
992, 1652412347, 100223315
993, 1652412533, 100073665
994, 1652412712, 100181446
995, 1652412948, 100051361
996, 1652413034, 100200000
997, 1652413479, 100090157
998, 1652415096, 100207782
999, 1652415155, 100075048
1000, 1652416197, 100241140
1001, 1652416324, 100091218
1002, 1652416390, 100219262
1003, 1652416427, 100069189
1004, 1652416514, 100249180
1005, 1652416701, 100089518
1006, 1652417080, 100218693
1007, 1652417408, 100062379
1008, 1652417456, 100189172
1009, 1652419009, 100079581
1010, 1652419679, 100192276
1011, 1652420689, 100083438
1012, 1652420844, 100245834
1013, 1652421148, 100128109
1014, 1652421850, 100250112
1015, 1652422061, 100105648
1016, 1652422535, 100235261
1017, 1652422629, 100076854
1018, 1652422710, 100205619
1019, 1652422862, 100072676
1020, 1652423307, 100175068
1021, 1652423468, 100028943
1022, 1652423507, 100131188
1023, 1652423938, 100026442
1024, 1652423988, 100144556
1025, 1652425115, 100030485
1026, 1652425297, 100178266
1027, 1652425841, 100075626
1028, 1652426091, 100261450
1029, 1652426128, 100075429
1030, 1652426371, 100238604
1031, 1652426506, 100060642
1032, 1652426661, 100043270
1033, 1652427285, 100208797
1034, 1652427332, 100073750
1035, 1652427656, 100175679
1036, 1652427719, 100060287
1037, 1652428636, 100183863
1038, 1652428845, 100047668
1039, 1652429451, 100151075
1040, 1652429753, 100036398
1041, 1652429787, 100174347
1042, 1652430082, 100062765
1043, 1652430593, 100300000
1044, 1652430691, 100300000
1045, 1652430751, 100188025
1046, 1652431120, 100073440
1047, 1652431769, 100178026
1048, 1652431852, 100073694
1049, 1652432092, 100190829
1050, 1652432145, 100050047
1051, 1652432312, 100152999
1052, 1652432572, 100043474
1053, 1652432666, 100193746
1054, 1652432932, 100078727
1055, 1652434275, 100189994
1056, 1652435314, 100211083
1057, 1652435399, 100105541
1058, 1652435597, 100211083
1059, 1652435824, 100104395
1060, 1652436007, 100312892
1061, 1652436124, 100198729
1062, 1652436129, 100300640
1063, 1652436511, 100151497
1064, 1652436820, 100047057
1065, 1652436981, 100200932
1066, 1652437321, 100072138
1067, 1652437719, 100183374
1068, 1652438084, 100043711
1069, 1652438285, 100150383
1070, 1652438439, 100050084
1071, 1652438501, 100201583
1072, 1652438540, 100088917
1073, 1652458355, 100198297
1074, 1652458660, 100043830
1075, 1652458753, 100158415
1076, 1652458840, 100046069
1077, 1652458858, 100171741
1078, 1652459186, 100070246
1079, 1652461561, 100220018
1080, 1652461824, 100028335
1081, 1652463693, 100147185
1082, 1652464349, 100016217
1083, 1652464449, 100149832
1084, 1652465635, 100180664
1085, 1652465741, 100016762
1086, 1652465775, 100208234
1087, 1652465914, 100060344
1088, 1652466294, 100165166
1089, 1652467184, 100142497
1090, 1652467285, 100022820
1091, 1652467379, 100130834
1092, 1652468033, 100029622
1093, 1652469119, 100192372
1094, 1652469164, 100069740
1095, 1652472235, 100194000
1096, 1652472327, 100069740
1097, 1652476407, 100170633
1098, 1652476632, 100059720
1099, 1652480059, 100176536
1100, 1652480449, 100067621
1101, 1652481854, 100173380
1102, 1652482060, 100063061
1103, 1652483546, 100180150
1104, 1652483585, 100049700
1105, 1652484194, 100154061
1106, 1652484623, 100049700
1107, 1652485348, 100200000
1108, 1652485504, 100096089
1109, 1652492471, 100198808
1110, 1652492670, 100054893
1111, 1652492680, 100176557
1112, 1652492784, 100049700
1113, 1652493080, 100168614
1114, 1652493260, 100049700
1115, 1652497838, 100195018
1116, 1652497883, 100039680
1117, 1652498599, 100164062
1118, 1652498758, 100039680
1119, 1652499146, 100184659
1120, 1652499523, 100080309
1121, 1652500292, 100244144
1122, 1652500521, 100140379
1123, 1652500916, 100031208
1124, 1652501062, 100159053
1125, 1652501266, 100035662
1126, 1652501358, 100160879
1127, 1652501538, 100039680
1128, 1652502062, 100039680
1129, 1652504796, 100039680
1130, 1652505041, 100042009
1131, 1652505088, 100187633
1132, 1652505128, 100042587
1133, 1652506363, 100065166
1134, 1652506607, 100189638
1135, 1652506686, 100082954
1136, 1652507404, 100187922
1137, 1652507860, 100052753
1138, 1652507908, 100165224
1139, 1652508754, 100039680
1140, 1652509074, 100081582
1141, 1652522992, 100184618
1142, 1652523533, 100074927
1143, 1652523887, 100177353
1144, 1652524057, 100057747
1145, 1652524085, 100177097
1146, 1652525535, 100054022
1147, 1652525563, 100176113
1148, 1652525757, 100174343
1149, 1652526129, 100330278
1150, 1652526395, 100042825
1151, 1652526482, 100211456
1152, 1652526625, 100105081
1153, 1652526950, 100225012
1154, 1652527045, 100100000
1155, 1652528002, 100207002
1156, 1652528275, 100038729
1157, 1652528932, 100041375
1158, 1652529026, 100193368
1159, 1652529084, 100020206
1160, 1652529235, 100159146
1161, 1652530613, 100056211
1162, 1652530720, 100159408
1163, 1652530948, 100300000
1164, 1652531192, 100190876
1165, 1652531513, 100302383
1166, 1652531721, 100044437
1167, 1652532515, 100227634
1168, 1652532607, 100047998
1169, 1652541155, 100155884
1170, 1652544514, 100148879
1171, 1652544567, 100047970
1172, 1652564576, 100155183
1173, 1652565047, 100034472
1174, 1652565573, 100177479
1175, 1652565864, 100048706
1176, 1652569609, 100196441
1177, 1652569842, 100090404
1178, 1652571964, 100197489
1179, 1652572125, 100050776
1180, 1652572938, 100155089
1181, 1652572974, 100052753
1182, 1652573179, 100163736
1183, 1652573714, 100031281
1184, 1652573893, 100144077
1185, 1652574054, 100042311
1186, 1652576975, 100143438
1187, 1652577307, 100033111
1188, 1652578601, 100148534
1189, 1652579984, 100123161
1190, 1652586740, 100018029
1191, 1652587866, 100120308
1192, 1652590446, 100000089
1193, 1652591541, 100119819
1194, 1652591639, 100018664
1195, 1652591764, 100128777
1196, 1652593021, 100026157
1197, 1652594736, 100139395
1198, 1652594850, 100258711
1199, 1652621493, 100174071
1200, 1652622215, 100046443
1201, 1652624252, 100155955
1202, 1652624796, 100025966
1203, 1652624838, 100149013
1204, 1652624951, 100041611
1205, 1652625777, 100144534
1206, 1652626046, 100027239
1207, 1652626398, 100156134
1208, 1652626804, 100037714
1209, 1652626827, 100144693
1210, 1652627448, 100038352
1211, 1652627779, 100161846
1212, 1652628747, 100034212
1213, 1652629367, 100151651
1214, 1652629579, 100151651
1215, 1652629779, 100038067
1216, 1652630875, 100166724
1217, 1652631038, 100055694
1218, 1652632578, 100173490
1219, 1652632674, 100059374
1220, 1652635905, 100171911
1221, 1652638262, 100027235
1222, 1652638520, 100193021
1223, 1652638623, 100083221
1224, 1652639723, 100203768
1225, 1652639869, 100098498
1226, 1652663973, 100282610
1227, 1652664195, 100032691
1228, 1652664483, 100155708
1229, 1652664784, 100038998
1230, 1652677606, 100146932
1231, 1652677713, 100039237
1232, 1652739089, 100140900
1233, 1652739783, 100027529
1234, 1652740280, 100142813
1235, 1652740558, 100033423
1236, 1652741006, 100180641
1237, 1652741153, 100017919
1238, 1652741279, 100143340
1239, 1652741441, 100042870
1240, 1652741514, 100158130
1241, 1652741686, 100043186
1242, 1652742036, 100200000
1243, 1652742273, 100052019
1244, 1652742322, 100171904
1245, 1652742392, 100030052
1246, 1652742590, 100147142
1247, 1652743347, 100044623
1248, 1652743579, 100217654
1249, 1652743588, 100075193
1250, 1652744426, 100200000
1251, 1652744556, 100086165
1252, 1652744668, 100232610
1253, 1652747047, 100181333
1254, 1652747385, 100062424
1255, 1652747563, 100180450
1256, 1652747719, 100027920
1257, 1652747871, 100184710
1258, 1652747917, 100043856
1259, 1652748245, 100145199
1260, 1652748291, 100089348
1261, 1652748713, 100217639
1262, 1652748745, 100067612
1263, 1652749049, 100176384
1264, 1652749134, 100069610
1265, 1652750195, 100176237
1266, 1652750667, 100139017
1267, 1652751617, 100021283
1268, 1652751876, 100026527
1269, 1652751943, 100196164
1270, 1652752301, 100061708
1271, 1652752612, 100283893
1272, 1652752732, 100135953
1273, 1652753402, 100035525
1274, 1652753584, 100139714
1275, 1652754202, 100038773
1276, 1652754613, 100151080
1277, 1652755002, 100009120
1278, 1652755196, 100141789
1279, 1652755335, 100150954
1280, 1652755612, 100042664
1281, 1652757116, 100143121
1282, 1652758075, 100042731
1283, 1652844358, 100019027
1284, 1652914905, 100121089
1285, 1652915565, 100020883
1286, 1652915729, 100126550
1287, 1652916668, 100026030
1288, 1653003015, 100058387
1289, 1653089365, 100018629
1290, 1653175747, 100032211
1291, 1653186096, 100136368
1292, 1653272494, 100024475
1293, 1653358858, 100028507
1294, 1653401818, 100133564
1295, 1653409922, 100127470
1296, 1653411412, 100022669
1297, 1653411493, 100125410
1298, 1653411830, 100010473
1299, 1653412332, 100125704
1300, 1653412408, 100012973
1301, 1653413106, 100121314
1302, 1653413844, 100012991
1303, 1653416953, 100115016
1304, 1653417585, 100013854
1305, 1653418085, 100120352
1306, 1653423040, 100012770
1307, 1653424157, 100124634
1308, 1653425264, 100022556
1309, 1653425396, 100124563
1310, 1653427253, 100018396
1311, 1653513601, 100020296
1312, 1653573775, 100145188
1313, 1653573874, 100020697
1314, 1653574738, 100122824
1315, 1653575311, 100129909
1316, 1653575463, 100005548
1317, 1653576550, 100126131
1318, 1653576598, 100020103
1319, 1653604616, 100140607
1320, 1653604691, 100030491
1321, 1653604762, 100210342
1322, 1653604802, 100029799
1323, 1653604842, 100169467
1324, 1653604893, 100061137
1325, 1653605409, 100200000
1326, 1653605657, 100075499
1327, 1653607216, 100224032
1328, 1653607238, 100100000
1329, 1653665424, 99997752
1330, 1653666051, 100099899
1331, 1653672637, 99990376
1332, 1653673860, 100131464
1333, 1653673976, 100000000
1334, 1653674118, 100004533
1335, 1653677830, 100114535
1336, 1653694956, 100135761
1337, 1653694960, 100021392
1338, 1653699744, 100136721
1339, 1653699921, 100025366
1340, 1653706597, 100131836
1341, 1653718283, 100187598
1342, 1653718375, 100032296
1343, 1653745092, 100200000
1344, 1653745190, 100016760
1345, 1653762213, 100154271
1346, 1653787943, 100166139
1347, 1653788327, 100037020
1348, 1653814952, 100143286
1349, 1653815032, 100011389
1350, 1653816380, 100205218
1351, 1653816485, 100004595
1352, 1653816986, 100121777
1353, 1653817194, 100019356
1354, 1653817436, 100000000
1355, 1653818531, 100118945
1356, 1653818565, 100002126
1357, 1653818664, 100124417
1358, 1653818811, 100016930
1359, 1653822142, 100148017
1360, 1653824484, 100187167
1361, 1653824572, 100028348
1362, 1653825072, 100166236
1363, 1653825089, 100057040
1364, 1653857160, 100160955
1365, 1653859497, 100149932
1366, 1653859656, 100019920
1367, 1653860685, 100120316
1368, 1653861324, 100000000
1369, 1653863281, 100130022
1370, 1653863562, 100029233
1371, 1653867269, 100129363
1372, 1653867538, 100026810
1373, 1653870771, 100141718
1374, 1653873729, 100148751
1375, 1653873795, 100044562
1376, 1653960159, 100034034
1377, 1654046528, 100029930
1378, 1654130503, 100139371
1379, 1654130859, 100002036
1380, 1654130915, 100106156
1381, 1654142884, 100001789
1382, 1654149325, 100115776
1383, 1654150613, 100003217
1384, 1654155144, 100129391
1385, 1654156440, 100022441
1386, 1654166991, 100125421
1387, 1654171741, 100014385
1388, 1654214711, 100115958
1389, 1654215750, 100015347
1390, 1654217555, 100128988
1391, 1654220113, 100023439
1392, 1654225371, 100135264
1393, 1654237269, 100033595
1394, 1654253503, 100140503
1395, 1654254068, 100039940
1396, 1654278814, 100150050
1397, 1654300367, 100140244
1398, 1654300722, 100028525
1399, 1654387084, 100039940
1400, 1654429173, 100145953
1401, 1654429647, 100039940
1402, 1654439890, 100149635
1403, 1654440444, 100039940
1404, 1654463784, 100147162
1405, 1654464160, 100039940
1406, 1654468787, 100141815
1407, 1654468860, 100039940
1408, 1654555238, 100027202
1409, 1654614147, 100148094
1410, 1654614234, 100019920
1411, 1654619157, 100162251
1412, 1654619262, 100029930
1413, 1654691881, 100134590
1414, 1654693043, 100025962
1415, 1654728425, 100126272
1416, 1654741720, 100025111
1417, 1654766368, 100129822
1418, 1654767907, 100001659
1419, 1654772767, 100105809
1420, 1654793734, 100000000
1421, 1654808255, 100100000
1422, 1654824803, 99999767
1423, 1654825017, 100100000
1424, 1654869516, 99999249
1425, 1654876826, 100100000
1426, 1654878966, 99998065
1427, 1654886241, 100100000
1428, 1654904548, 99995612
1429, 1654906767, 100100000
1430, 1654943451, 99998698
1431, 1654945204, 100100000
1432, 1654964128, 99999725
1433, 1654964596, 100159589
1434, 1654964642, 100019920
1435, 1654964915, 100160571
1436, 1654964948, 100032211
1437, 1654967372, 100132625
1438, 1654967671, 100021542
1439, 1654968932, 100138011
1440, 1654969584, 100032760
1441, 1654977208, 100166302
1442, 1654977703, 100039581
1443, 1654981712, 100140458
1444, 1654982506, 100039940
1445, 1654995062, 100148993
1446, 1654995671, 100042701
1447, 1655003047, 100183710
1448, 1655003080, 100072487
1449, 1655004756, 100174419
1450, 1655004831, 100069504
1451, 1655022837, 100184866
1452, 1655022887, 100056818
1453, 1655031133, 100171685
1454, 1655031210, 100029930
1455, 1655031519, 100219290
1456, 1655031580, 100040151
1457, 1655032421, 100200000
1458, 1655032462, 100071648
1459, 1655033135, 100175739
1460, 1655033568, 100059960
1461, 1655053769, 100174051
1462, 1655054054, 100057322
1463, 1655054926, 100194413
1464, 1655055176, 100082948
1465, 1655055553, 100197233
1466, 1655056301, 100024863
1467, 1655057233, 100137668
1468, 1655058247, 100021545
1469, 1655060128, 100124308
1470, 1655068865, 100012318
1471, 1655069623, 100171687
1472, 1655069728, 100065338
1473, 1655069936, 100181207
1474, 1655071171, 100155233
1475, 1655071390, 100054060
1476, 1655071482, 100198792
1477, 1655071559, 100049950
1478, 1655071708, 100170877
1479, 1655071763, 100066325
1480, 1655075000, 100182694
1481, 1655075405, 100066914
1482, 1655076441, 100182344
1483, 1655076466, 100062841
1484, 1655076730, 100177539
1485, 1655076977, 100049950
1486, 1655077809, 100194086
1487, 1655077841, 100053032
1488, 1655077994, 100174864
1489, 1655078037, 100070698
1490, 1655079106, 100179245
1491, 1655079231, 100049950
1492, 1655079317, 100179485
1493, 1655079461, 100056943
1494, 1655079787, 100220385
1495, 1655080024, 100049950
1496, 1655080436, 100156900
1497, 1655080896, 100049950
1498, 1655083250, 100224788
1499, 1655083280, 100069970
1500, 1655083343, 100296524
1501, 1655083393, 100079980
1502, 1655084116, 100200000
1503, 1655084345, 100038114
1504, 1655084577, 100200000
1505, 1655084934, 100089990
1506, 1655085745, 100192935
1507, 1655085875, 100089990
1508, 1655088869, 100246178
1509, 1655089018, 100093907
1510, 1655089118, 100218044
1511, 1655089153, 100089990
1512, 1655091798, 100200000
1513, 1655091886, 100201162
1514, 1655092039, 100100000
1515, 1655092399, 100247706
1516, 1655092462, 100130038
1517, 1655093101, 100250876
1518, 1655093197, 100059960
1519, 1655093342, 100200000
1520, 1655093462, 100059960
1521, 1655093821, 100186066
1522, 1655093878, 100069970
1523, 1655096431, 100193568
1524, 1655096570, 100049950
1525, 1655096624, 100177499
1526, 1655096752, 100049950
1527, 1655096862, 100192282
1528, 1655098972, 100163714
1529, 1655098976, 100059919
1530, 1655099310, 100199367
1531, 1655099435, 100059960
1532, 1655099445, 100200000
1533, 1655099517, 99988471
1534, 1655100407, 100230583
1535, 1655100462, 100049950
1536, 1655102174, 100164966
1537, 1655102315, 100049950
1538, 1655102927, 100200000
1539, 1655103017, 100098973
1540, 1655103086, 100200000
1541, 1655103404, 100066632
1542, 1655103473, 100170084
1543, 1655103615, 100049950
1544, 1655103849, 100052509
1545, 1655105010, 100178026
1546, 1655105422, 100049950
1547, 1655105557, 100196966
1548, 1655105760, 100082076
1549, 1655107299, 100189636
1550, 1655107332, 100059960
1551, 1655107588, 100241314
1552, 1655107619, 100059960
1553, 1655108091, 100174570
1554, 1655108516, 100066979
1555, 1655110231, 100176657
1556, 1655110303, 100292102
1557, 1655110389, 100139880
1558, 1655110468, 100139880
1559, 1655110867, 100253172
1560, 1655110930, 100129860
1561, 1655110987, 100234690
1562, 1655111029, 100129860
1563, 1655111699, 100295171
1564, 1655111813, 100145847
1565, 1655112444, 100020370
1566, 1655113481, 100230861
1567, 1655113524, 100119840
1568, 1655114903, 100013821
1569, 1655115691, 100113925
1570, 1655119408, 100000000
1571, 1655119498, 100109430
1572, 1655119638, 100223747
1573, 1655120031, 100211739
1574, 1655120070, 100109430
1575, 1655124368, 100223124
1576, 1655124440, 100079760
1577, 1655126767, 100188281
1578, 1655126905, 100069740
1579, 1655138825, 100174805
1580, 1655157008, 100154838
1581, 1655157165, 100036478
1582, 1655196919, 100139759
1583, 1655196984, 100037769
1584, 1655283359, 100038167
1585, 1655304042, 100152245
1586, 1655304066, 100017890
1587, 1655304238, 100138893
1588, 1655304407, 100014344
1589, 1655305952, 100123985
1590, 1655306410, 100012524
1591, 1655308652, 100171006
1592, 1655308769, 100043406
1593, 1655372915, 100159693
1594, 1655373147, 100044291
1595, 1655374739, 100151727
1596, 1655374981, 100051333
1597, 1655413261, 100154624
1598, 1655413401, 100032096
1599, 1655499793, 100048801
1600, 1655586173, 100046105
1601, 1655588476, 100152121
1602, 1655588875, 100039125
1603, 1655589908, 100200000
1604, 1655590153, 100085392
1605, 1655676500, 100000440
1606, 1655762887, 100005661
1607, 1655849227, 100008567
1608, 1655935573, 100001635
1609, 1656021941, 100087068
1610, 1656023335, 99979879
1611, 1656080860, 100121955
1612, 1656081032, 100017511
1613, 1656081138, 100121955
1614, 1656081249, 100019920
1615, 1656167594, 100000000
1616, 1656253963, 100003805
1617, 1656339076, 100137351
1618, 1656352276, 100026541
1619, 1656438588, 100021015
1620, 1656524989, 100008708
1621, 1656611344, 100000000
1622, 1656626209, 100110269
1623, 1656626468, 100009712
1624, 1656672661, 100256381
1625, 1656672718, 100009441
1626, 1656674401, 100143738
1627, 1656677038, 100041827
1628, 1656753660, 100145251
1629, 1656753741, 100042690
1630, 1656831702, 100184840
1631, 1656831783, 100003450
1632, 1656853590, 100149888
1633, 1656853664, 100011675
1634, 1656853932, 100148607
1635, 1656854042, 100040806
1636, 1656854163, 100200000
1637, 1656854255, 100094169
1638, 1656854697, 100200000
1639, 1656854741, 100000528
1640, 1656854830, 100114407
1641, 1656855233, 100013113
1642, 1656855917, 100200000
1643, 1656855918, 100028797
1644, 1656857065, 100200000
1645, 1656857174, 100094232
1646, 1656857493, 100200000
1647, 1656857626, 100002265
1648, 1656858224, 100200000
1649, 1656858264, 100022526
1650, 1656858464, 100153609
1651, 1656858488, 100026254
1652, 1656862499, 100129811
1653, 1656862693, 100000000
1654, 1656864243, 100100000
1655, 1656864622, 99995755
1656, 1656864788, 100127725
1657, 1656918591, 100102780
1658, 1656928419, 100001876
1659, 1657014796, 100002032
1660, 1657101206, 100000000
1661, 1657187543, 100003559
1662, 1657273915, 100006849
1663, 1657360270, 100000000
1664, 1657370628, 100100000
1665, 1657388664, 99999681
1666, 1657475041, 100024200
1667, 1657561414, 100039974
1668, 1657647770, 100005351
1669, 1657734174, 100019920
1670, 1657820568, 100007454
1671, 1657906938, 99990894
1672, 1657993338, 100000390
1673, 1658079735, 100015694
1674, 1658166077, 99998985
1675, 1658252461, 99999949
1676, 1658338819, 99992713
1677, 1658425202, 100008933
1678, 1658511546, 100000000
1679, 1658597917, 99994684
1680, 1658684288, 100000000
1681, 1658770672, 100005757
1682, 1658857040, 100003793
1683, 1658943422, 100000000
1684, 1659029755, 99996234
1685, 1659116163, 99998115
1686, 1659202558, 100013854
1687, 1659288970, 100013064
1688, 1659375385, 99993264
1689, 1659461691, 99998132
1690, 1659501869, 100100000
1691, 1659502170, 99993879
1692, 1659505982, 100101661
1693, 1659507675, 100209069
1694, 1659507734, 100026241
1695, 1659508214, 100200000
1696, 1659508365, 100200000
1697, 1659508389, 100025637
1698, 1659508595, 100200000
1699, 1659508621, 100007593
1700, 1659509487, 100151573
1701, 1659509563, 100022776
1702, 1659595917, 100005145
1703, 1659682318, 100044239
1704, 1659700425, 99922724
1705, 1659700597, 100023267
1706, 1659786997, 100008993
1707, 1659873393, 99990466
1708, 1659959769, 99963572
1709, 1660004535, 100065762
1710, 1660040681, 99961000
1711, 1660045149, 100061834
1712, 1660054427, 99950004
1713, 1660055847, 100052187
1714, 1660135591, 99936620
1715, 1660136742, 100039940
1716, 1660181616, 99892860
1717, 1660182762, 100013799
1718, 1660186175, 100119755
1719, 1660186240, 99988723
1720, 1660186391, 100119817
1721, 1660186447, 99991237
1722, 1660228940, 100112425
1723, 1660228954, 100002401
1724, 1660315337, 99991454
1725, 1660401735, 100004258
1726, 1660488145, 100000000
1727, 1660574523, 99990829
1728, 1660609380, 100097285
1729, 1660609776, 99991300
1730, 1660614819, 100100000
1731, 1660615053, 99999712
1732, 1660615131, 100100000
1733, 1660615280, 99994005
1734, 1660615519, 100101159
1735, 1660616227, 100001008
1736, 1660619092, 100101398
1737, 1660619363, 99999979
1738, 1660629314, 100131301
1739, 1660629400, 100030357
1740, 1660715789, 100001905
1741, 1660721873, 100226787
1742, 1660721978, 100012244
1743, 1660738863, 100117291
1744, 1660739111, 99999866
1745, 1660825486, 100000822
1746, 1660907265, 100129264
1747, 1660907759, 100007920
1748, 1660912500, 100137261
1749, 1660912524, 100029442
1750, 1660936163, 100142322
1751, 1660936658, 100016809
1752, 1660946524, 100143309
1753, 1660946845, 100028738
1754, 1660953259, 100146083
1755, 1660953653, 100029792
1756, 1661040001, 100000458
1757, 1661126337, 100000000
1758, 1661212704, 100032508
1759, 1661299083, 100000000
1760, 1661385404, 100000000
1761, 1661471798, 100000410
1762, 1661558174, 100018239
1763, 1661644566, 100007721
1764, 1661730956, 100024331
1765, 1661817292, 99996120
1766, 1661903623, 100001573
1767, 1661990035, 100008323
1768, 1662050430, 100118147
1769, 1662050580, 100006219
1770, 1662050820, 100173798
1771, 1662050882, 100021805
1772, 1662063609, 100139733
1773, 1662063729, 100004849
1774, 1662063730, 100027915
1775, 1662063850, 100139733
1776, 1662064030, 100023668
1777, 1662150437, 100004315
1778, 1662236916, 100000000
1779, 1662323322, 100000000
1780, 1662409738, 100001600
1781, 1662496165, 99996652
1782, 1662582578, 99991569
1783, 1662668978, 100000000
1784, 1662755380, 99996370
1785, 1662841783, 100010956
1786, 1662928187, 99987045
1787, 1663014588, 100000122
1788, 1663100990, 99999823
1789, 1663187394, 100004998
1790, 1663273796, 100006082
1791, 1663360198, 100001956
1792, 1663446601, 100007376
1793, 1663533004, 100001147
1794, 1663619407, 100014000
1795, 1663705828, 100004194
1796, 1663792238, 100004401
1797, 1663878654, 100001561
1798, 1663965059, 100011151
1799, 1664051464, 99999799
1800, 1664137868, 100016745
1801, 1664154110, 100128295
1802, 1664154291, 100001284
1803, 1664156633, 100109165
1804, 1664159336, 99999813
1805, 1664175246, 100106401
1806, 1664175846, 100000000
1807, 1664187526, 100112637
1808, 1664188695, 100007513
1809, 1664193830, 100124276
1810, 1664195333, 100019113
1811, 1664206801, 100125733
1812, 1664207072, 100012185
1813, 1664218360, 100179601
1814, 1664218570, 100043909
1815, 1664259943, 99930883
1816, 1664269821, 100034012
1817, 1664295276, 100176456
1818, 1664295665, 100004780
1819, 1664382069, 99996608
1820, 1664468473, 99998299
1821, 1664554876, 100000000
1822, 1664641281, 99999901
1823, 1664727682, 100004246
1824, 1664814095, 99988504
1825, 1664900507, 99993345
1826, 1664986907, 100001445
1827, 1665073316, 100002707
1828, 1665159798, 100000064
1829, 1665246200, 100001760
1830, 1665332600, 100004095
1831, 1665419002, 100012060
1832, 1665505413, 100000996
1833, 1665591836, 100001025
1834, 1665678242, 99986089
1835, 1665764664, 100005463
1836, 1665851086, 99994245
1837, 1665937488, 100000000
1838, 1666023890, 99996466
1839, 1666110304, 99997083
1840, 1666196706, 100000088
1841, 1666283124, 100000000
1842, 1666369528, 100000809
1843, 1666455930, 100001029
1844, 1666542333, 99995059
1845, 1666628734, 100000000
1846, 1666715159, 99999281
1847, 1666801579, 100000000
1848, 1666887993, 100000000
1849, 1666974419, 100008845
1850, 1667060841, 100000000
1851, 1667147271, 99993692
1852, 1667233700, 100002025
1853, 1667320130, 100003849
1854, 1667406530, 99999247
1855, 1667424393, 100100000
1856, 1667425234, 99998868
1857, 1667511635, 99996666
1858, 1667598036, 100000000
1859, 1667684454, 100000000
1860, 1667770854, 100010352
1861, 1667857255, 100005796
1862, 1667884004, 100119916
1863, 1667884514, 100019719
1864, 1667932337, 100138966
1865, 1667933027, 100037089
1866, 1667936871, 100150771
1867, 1667937110, 100046625
1868, 1667938461, 99939009
1869, 1667938671, 100072258
1870, 1667944586, 100200000
1871, 1667944616, 100060861
1872, 1667944706, 100189359
1873, 1667945096, 100033818
1874, 1667945427, 100153958
1875, 1667945487, 100004464
1876, 1667945727, 100136180
1877, 1667946778, 100006914
1878, 1667947979, 100116487
1879, 1667951671, 100012550
1880, 1667953472, 100127596
1881, 1667953562, 100019269
1882, 1667953922, 100125105
1883, 1667954132, 100023121
1884, 1667956474, 100128918
1885, 1667957345, 100008214
1886, 1667957735, 100117021
1887, 1667958275, 100000000
1888, 1667958456, 100100000
1889, 1667959086, 99994646
1890, 1667959356, 100100000
1891, 1667962898, 99979942
1892, 1667963258, 100087406
1893, 1667979650, 99982710
1894, 1667981241, 100086351
1895, 1667982772, 99983885
1896, 1667982862, 100097433
1897, 1667985263, 99990000
1898, 1667985984, 100093276
1899, 1667986645, 99983193
1900, 1667987605, 100087783
1901, 1667995171, 100199714
1902, 1667995622, 100088365
1903, 1667999824, 100233143
1904, 1667999944, 100045085
1905, 1668000005, 100195142
1906, 1668000125, 100394952
1907, 1668000244, 100197689
1908, 1668000304, 100431695
1909, 1668000365, 100303240
1910, 1668000635, 100100000
1911, 1668001625, 100221573
1912, 1668001685, 100106895
1913, 1668001865, 100216817
1914, 1668002016, 100051852
1915, 1668002916, 100188489
1916, 1668003246, 100063542
1917, 1668003306, 100198345
1918, 1668003547, 100093209
1919, 1668003667, 100214904
1920, 1668003877, 100102339
1921, 1668005318, 100238093
1922, 1668005649, 100127973
1923, 1668005739, 100009631
1924, 1668005799, 100285578
1925, 1668005859, 100175856
1926, 1668006580, 100056928
1927, 1668006639, 100249644
1928, 1668006760, 100018326
1929, 1668007210, 100129859
1930, 1668008621, 100016153
1931, 1668008681, 100198556
1932, 1668008921, 100027001
1933, 1668008981, 100160105
1934, 1668009161, 100019386
1935, 1668009461, 100132384
1936, 1668009792, 100027685
1937, 1668009852, 100230864
1938, 1668009912, 100100000
1939, 1668010392, 100211438
1940, 1668010813, 100026362
1941, 1668010872, 100177542
1942, 1668010993, 100300672
1943, 1668011083, 100094963
1944, 1668011203, 100209278
1945, 1668011923, 100108818
1946, 1668012103, 100219378
1947, 1668012164, 100059180
1948, 1668012223, 100215811
1949, 1668012494, 100100000
1950, 1668012674, 100205001
1951, 1668013154, 100100000
1952, 1668013729, 100218573
1953, 1668013815, 100096737
1954, 1668013845, 100218573
1955, 1668013965, 100100000
1956, 1668014745, 100236904
1957, 1668014835, 100128993
1958, 1668016757, 100256869
1959, 1668016907, 100117517
1960, 1668017177, 100244308
1961, 1668017268, 100119846
1962, 1668017537, 100252768
1963, 1668017838, 100144902
1964, 1668017898, 100252006
1965, 1668017928, 100370258
1966, 1668017958, 100174116
1967, 1668018018, 100374651
1968, 1668018228, 100171998
1969, 1668018378, 100060085
1970, 1668018558, 100201331
1971, 1668018588, 100055702
1972, 1668018768, 100169177
1973, 1668018948, 100053587
1974, 1668019549, 100175786
1975, 1668019879, 100044963
1976, 1668019999, 100156830
1977, 1668020059, 100040402
1978, 1668020900, 100214273
1979, 1668021140, 100081322
1980, 1668021563, 100183125
1981, 1668022191, 100080896
1982, 1668022221, 100300000
1983, 1668022461, 100177670
1984, 1668023242, 100064178
1985, 1668024202, 100212816
1986, 1668024322, 100100000
1987, 1668024382, 100212816
1988, 1668024772, 100100000
1989, 1668024862, 100210987
1990, 1668024893, 100100000
1991, 1668026003, 100251401
1992, 1668026784, 100122729
1993, 1668026814, 100009447
1994, 1668026874, 100442258
1995, 1668026904, 100574528
1996, 1668026964, 100760655
1997, 1668027024, 100457466
1998, 1668027085, 100747022
1999, 1668027115, 100020594
2000, 1668027144, 100289962
2001, 1668027204, 100427925
2002, 1668027384, 100265776
2003, 1668027414, 100491365
2004, 1668027714, 100365003
2005, 1668027775, 100100000
2006, 1668027925, 100431558
2007, 1668027955, 100302899
2008, 1668028015, 100126071
2009, 1668028045, 100281960
2010, 1668028105, 100088124
2011, 1668028135, 100442681
2012, 1668028165, 100543722
2013, 1668028195, 100700000
2014, 1668028495, 100463615
2015, 1668028645, 100300000
2016, 1668028795, 100183560
2017, 1668028855, 100438763
2018, 1668028885, 100573245
2019, 1668028975, 100200000
2020, 1668029065, 100400000
2021, 1668029186, 100558910
2022, 1668029366, 100361698
2023, 1668029426, 100544252
2024, 1668029546, 100353051
2025, 1668029636, 100521781
2026, 1668029846, 100391440
2027, 1668030146, 100200000
2028, 1668030446, 100041715
2029, 1668030476, 100169864
2030, 1668030927, 100397908
2031, 1668031017, 100264640
2032, 1668031167, 100135658
2033, 1668031347, 100242235
2034, 1668031377, 100000000
2035, 1668031737, 100400000
2036, 1668031767, 100260693
2037, 1668031797, 100049327
2038, 1668031857, 100259194
2039, 1668031918, 100422215
2040, 1668031978, 100124858
2041, 1668032068, 100283996
2042, 1668032098, 100179312
2043, 1668032188, 100283996
2044, 1668032308, 100135076
2045, 1668032548, 100020970
2046, 1668032908, 100148319
2047, 1668032999, 100250765
2048, 1668033238, 100103668
2049, 1668033479, 100275961
2050, 1668033689, 100106800
2051, 1668033719, 100275832
2052, 1668033899, 100173771
2053, 1668034169, 100360653
2054, 1668034229, 100164612
2055, 1668034499, 100280551
2056, 1668034890, 100113115
2057, 1668035040, 100264959
2058, 1668035220, 100145247
2059, 1668035521, 100346395
2060, 1668036241, 100170330
2061, 1668036331, 100289067
2062, 1668036511, 100124013
2063, 1668036811, 100011338
2064, 1668047318, 100131039
2065, 1668047648, 100023587
2066, 1668047678, 100176897
2067, 1668048278, 100055270
2068, 1668048909, 100213431
2069, 1668049690, 100089199
2070, 1668050170, 100197441
2071, 1668050230, 100046689
2072, 1668052061, 100186431
2073, 1668052122, 100067841
2074, 1668052181, 100204898
2075, 1668052271, 100056909
2076, 1668054463, 100300000
2077, 1668054553, 100076645
2078, 1668054583, 100260218
2079, 1668054763, 100400000
2080, 1668054823, 100122241
2081, 1668055093, 100284050
2082, 1668055753, 100147126
2083, 1668056083, 100336600
2084, 1668056263, 100096203
2085, 1668056684, 100213369
2086, 1668057194, 100107619
2087, 1668057224, 100235997
2088, 1668057284, 100340939
2089, 1668057525, 100178464
2090, 1668057675, 100290633
2091, 1668058155, 100110247
2092, 1668058185, 100216672
2093, 1668058635, 100325017
2094, 1668059355, 100218660
2095, 1668062028, 100100000
2096, 1668062088, 100215564
2097, 1668062538, 100100000
2098, 1668062598, 100209760
2099, 1668062688, 100460752
2100, 1668062928, 100134924
2101, 1668063258, 100257454
2102, 1668064730, 100439273
2103, 1668065150, 100300000
2104, 1668065571, 100169995
2105, 1668065691, 100278206
2106, 1668065751, 100170341
2107, 1668066862, 100274818
2108, 1668067162, 100135572
2109, 1668067522, 100247880
2110, 1668069263, 100368951
2111, 1668069384, 100162679
2112, 1668069444, 100368951
2113, 1668069683, 100216529
2114, 1668069744, 100406948
2115, 1668069804, 100601031
2116, 1668069894, 100500000
2117, 1668069924, 100174587
2118, 1668069984, 100500000
2119, 1668070104, 100170545
2120, 1668070284, 100330478
2121, 1668070974, 100482241
2122, 1668071605, 100289437
2123, 1668071995, 100108275
2124, 1668072535, 100280809
2125, 1668072805, 100400000
2126, 1668073136, 100236012
2127, 1668073166, 100389023
2128, 1668073406, 100206647
2129, 1668073466, 100367564
2130, 1668073826, 100172693
2131, 1668073887, 100603698
2132, 1668074066, 100202478
2133, 1668074186, 100400000
2134, 1668074337, 100508471
2135, 1668074367, 100368274
2136, 1668074847, 100245813
2137, 1668075177, 100380163
2138, 1668075448, 100200000
2139, 1668075597, 100400000
2140, 1668075808, 100700000
2141, 1668075898, 100520911
2142, 1668076348, 100229762
2143, 1668076468, 100374908
2144, 1668076529, 100374908
2145, 1668076588, 100179080
2146, 1668076618, 100374908
2147, 1668076828, 100477065
2148, 1668077039, 100207165
2149, 1668077249, 100478519
2150, 1668078390, 100370951
2151, 1668078480, 100512659
2152, 1668078510, 100286413
2153, 1668079260, 100402525
2154, 1668079320, 100217951
2155, 1668079380, 100402525
2156, 1668079500, 100551903
2157, 1668079831, 100881057
2158, 1668079891, 100632541
2159, 1668080101, 100520245
2160, 1668080191, 100365757
2161, 1668080251, 100483114
2162, 1668080311, 100340408
2163, 1668081962, 100446003
2164, 1668082172, 100767635
2165, 1668082202, 100623558
2166, 1668082322, 100509051
2167, 1668082683, 100829109
2168, 1668082773, 100689208
2169, 1668082863, 100829109
2170, 1668082893, 100674044
2171, 1668082953, 100829109
2172, 1668083013, 100677263
2173, 1668083313, 100574806
2174, 1668083373, 100701542
2175, 1668083794, 100588544
2176, 1668083944, 100702150
2177, 1668084304, 100830734
2178, 1668084334, 100698818
2179, 1668084454, 100830734
2180, 1668084514, 100957446
2181, 1668084875, 100804224
2182, 1668084904, 100966592
2183, 1668084934, 100718207
2184, 1668085265, 100559198
2185, 1668085475, 100773659
2186, 1668085505, 100628435
2187, 1668086345, 100493729
2188, 1668086435, 100318255
2189, 1668086465, 100427140
2190, 1668086706, 100653949
2191, 1668086796, 100429609
2192, 1668087026, 100648268
2193, 1668087037, 100511952
2194, 1668087396, 100322603
2195, 1668087757, 100188593
2196, 1668087907, 100308405
2197, 1668088267, 100146015
2198, 1668088597, 100380869
2199, 1668088687, 100267612
2200, 1668089107, 100103001
2201, 1668089468, 100693735
2202, 1668089558, 100220681
2203, 1668090489, 100109125
2204, 1668090579, 100213951
2205, 1668091299, 100063609
2206, 1668091929, 100169521
2207, 1668092770, 100059373
2208, 1668093040, 100166293
2209, 1668094331, 100042580
2210, 1668094632, 100192484
2211, 1668094752, 100089554
2212, 1668101657, 99971371
2213, 1668102767, 100086100
2214, 1668107811, 100230873
2215, 1668107931, 100092547
2216, 1668111084, 100215857
2217, 1668111534, 100107161
2218, 1668113755, 100259183
2219, 1668113875, 100136336
2220, 1668114536, 100033121
2221, 1668116517, 99922853
2222, 1668116728, 100034051
2223, 1668118469, 100135388
2224, 1668122341, 100031334
2225, 1668124533, 100147114
2226, 1668125764, 100040352
2227, 1668127325, 100188013
2228, 1668127385, 100055268
2229, 1668127445, 100170067
2230, 1668127625, 100044313
2231, 1668127685, 100157624
2232, 1668132849, 100044249
2233, 1668133990, 100174004
2234, 1668134470, 100073143
2235, 1668134831, 100188922
2236, 1668135821, 100068093
2237, 1668136571, 100177891
2238, 1668137082, 100035946
2239, 1668137892, 100157049
2240, 1668139814, 100272454
2241, 1668139964, 100162111
2242, 1668142520, 100060505
2243, 1668142610, 100164476
2244, 1668143061, 100398028
2245, 1668143361, 100500000
2246, 1668143391, 100200000
2247, 1668143842, 100095236
2248, 1668145042, 100224919
2249, 1668145132, 100103921
2250, 1668153208, 100259912
2251, 1668153238, 100157093
2252, 1668154199, 100315857
2253, 1668154259, 100145487
2254, 1668154920, 100294678
2255, 1668154949, 100090439
2256, 1668155160, 100252834
2257, 1668155250, 100084472
2258, 1668155730, 100204927
2259, 1668156000, 100059432
2260, 1668156120, 100178570
2261, 1668156841, 100075873
2262, 1668159482, 100200000
2263, 1668159873, 100080223
2264, 1668176401, 99979778
2265, 1668176761, 100091117
2266, 1668177242, 100280785
2267, 1668177272, 100096879
2268, 1668178263, 100199524
2269, 1668178352, 100085791
2270, 1668178593, 99973653
2271, 1668178653, 100144977
2272, 1668178833, 100037558
2273, 1668179283, 100158769
2274, 1668179463, 100044854
2275, 1668181624, 100145431
2276, 1668181715, 100034488
2277, 1668184747, 100200000
2278, 1668184777, 100026971
2279, 1668186248, 100173362
2280, 1668186428, 100055933
2281, 1668186458, 100171880
2282, 1668186518, 100070560
2283, 1668187899, 100180197
2284, 1668187959, 100052465
2285, 1668191412, 100273371
2286, 1668191501, 100137461
2287, 1668191862, 100016656
2288, 1668193243, 100131221
2289, 1668193573, 100026286
2290, 1668193723, 100132168
2291, 1668194294, 100018808
2292, 1668196965, 100177284
2293, 1668197025, 100051828
2294, 1668200988, 100247968
2295, 1668201018, 100022820
2296, 1668201859, 100200000
2297, 1668201919, 100089717
2298, 1668202579, 100300000
2299, 1668202699, 100065534
2300, 1668204140, 100168688
2301, 1668204470, 100065988
2302, 1668205521, 100247667
2303, 1668205551, 100071744
2304, 1668205761, 100196060
2305, 1668205822, 100076241
2306, 1668266553, 99948571
2307, 1668267664, 100063370
2308, 1668342507, 100200000
2309, 1668342568, 100039404
2310, 1668428970, 100041310
2311, 1668515400, 100000000
2312, 1668601801, 100000000
2313, 1668608436, 100148410
2314, 1668608466, 100022967
2315, 1668694884, 100004883
2316, 1668781285, 100006235
2317, 1668867701, 100022921
2318, 1668954103, 100034201
2319, 1669040532, 100030048
2320, 1669093399, 100131046
2321, 1669093669, 100023426
2322, 1669180079, 100009406