index, timestamp, price
0, 1626188998, 100000000
1, 1626275390, 100020000
2, 1626361746, 100001068
3, 1626448184, 100020000
4, 1626534574, 100062942
5, 1626620941, 100056264
6, 1626707324, 100000000
7, 1626793704, 100020000
8, 1626880080, 100037642
9, 1626966442, 100016641
10, 1627052830, 100041804
11, 1627139223, 100094997
12, 1627225574, 100060000
13, 1627311908, 99995000
14, 1627398216, 100030000
15, 1627484558, 100037531
16, 1627570945, 100066735
17, 1627657298, 100041403
18, 1627743733, 100058500
19, 1627830078, 100026419
20, 1627916461, 100006963
21, 1628002807, 100000000
22, 1628089179, 100000000
23, 1628175529, 100005428
24, 1628261902, 100007472
25, 1628348156, 100044572
26, 1628434492, 100009839
27, 1628520840, 100044276
28, 1628607209, 100040024
29, 1628693563, 100025461
30, 1628779949, 100063297
31, 1628866360, 100012404
32, 1628952758, 100071725
33, 1629039139, 100137439
34, 1629125526, 100020107
35, 1629211891, 99975089
36, 1629298236, 100019268
37, 1629384500, 100000000
38, 1629470885, 100002304
39, 1629557284, 100089820
40, 1629643678, 100068694
41, 1629730093, 100047766
42, 1629816436, 100020575
43, 1629902787, 100026709
44, 1629989130, 100032085
45, 1630075507, 100072064
46, 1630161881, 100087191
47, 1630248261, 100082767
48, 1630334593, 100112297
49, 1630420978, 100044014
50, 1630507363, 100078445
51, 1630593759, 100049357
52, 1630680163, 100051539
53, 1630766564, 100059657
54, 1630852922, 100032299
55, 1630939230, 100032635
56, 1631025572, 100019987
57, 1631111951, 100035609
58, 1631198320, 100024284
59, 1631284748, 100000000
60, 1631371190, 100020000
61, 1631457570, 100014218
62, 1631543941, 100037879
63, 1631631937, 100032130
64, 1631631975, 100029699
65, 1631718341, 100040000
66, 1631804664, 100033049
67, 1631891069, 100017863
68, 1631977462, 100010952
69, 1632063930, 100034596
70, 1632150232, 100005083
71, 1632236586, 100000050
72, 1632322984, 100020554
73, 1632409374, 100054912
74, 1632495662, 100100000
75, 1632582022, 100100000
76, 1632668467, 100072751
77, 1632754789, 100033722
78, 1632841139, 100000304
79, 1632927596, 100006550
80, 1633013987, 100007347
81, 1633100372, 100001490
82, 1633186649, 100019303
83, 1633273109, 100034417
84, 1633359507, 100023979
85, 1633445870, 100046578
86, 1633532268, 100024809
87, 1633611044, 100034546
88, 1633697353, 100027248
89, 1633783785, 100014502
90, 1633870125, 100017989
91, 1633956480, 100014298
92, 1634042784, 100030000
93, 1634129168, 100000000
94, 1634215466, 100002170
95, 1634301828, 100018798
96, 1634388195, 99969648
97, 1634474609, 100003568
98, 1634560984, 100001991
99, 1634647362, 100000000
100, 1634733722, 100020340
101, 1634820120, 100068607
102, 1634906481, 100006069
103, 1634992851, 100027758
104, 1635079202, 100071252
105, 1635165525, 100062444
106, 1635251893, 100012530
107, 1635338269, 100043857
108, 1635424611, 100059854
109, 1635510955, 100006579
110, 1635597345, 100041976
111, 1635635266, 100353318
112, 1635635897, 100101793
113, 1635722244, 100070003
114, 1635808543, 100061255
115, 1635894919, 100079462
116, 1635981287, 100063321
117, 1636067633, 100099140
118, 1636154032, 100100000
119, 1636240355, 100092340
120, 1636326756, 100100000
121, 1636413108, 100042235
122, 1636499451, 100027715
123, 1636580052, 100394805
124, 1636580161, 100064807
125, 1636581230, 100377522
126, 1636581724, 100054149
127, 1636585721, 100366486
128, 1636586300, 100033963
129, 1636672642, 100053537
130, 1636759007, 100013781
131, 1636781295, 100010035
132, 1636784307, 100019647
133, 1636826071, 100014778
134, 1636857658, 100006339
135, 1636944036, 100021270
136, 1636965635, 100033532
137, 1637052004, 100027118
138, 1637102616, 100339253
139, 1637103138, 100072568
140, 1637124043, 100331125
141, 1637128890, 100039816
142, 1637165285, 100325133
143, 1637243648, 100365479
144, 1637244160, 100053276
145, 1637250433, 100339015
146, 1637251030, 100082602
147, 1637337425, 100108323
148, 1637423806, 100110677
149, 1637510209, 100225529
150, 1637596566, 100071979
151, 1637682914, 100015565
152, 1637769244, 100040718
153, 1637835223, 100298846
154, 1637847468, 100046906
155, 1637919005, 100397307
156, 1637919116, 100112005
157, 1638005518, 100059476
158, 1638091907, 100100000
159, 1638178261, 100100000
160, 1638264600, 100043104
161, 1638350984, 100085182
162, 1638437376, 100077495
163, 1638523754, 100077027
164, 1638596053, 100429016
165, 1638601571, 100174739
166, 1638687939, 100140831
167, 1638774339, 100106881
168, 1638779238, 100359194
169, 1638780204, 100106971
170, 1638866533, 100125231
171, 1638952888, 100091064
172, 1639039279, 100085356
173, 1639125646, 100050163
174, 1639212026, 100057386
175, 1639298364, 100077554
176, 1639384735, 100096133
177, 1639471108, 100088888
178, 1639557497, 100038041
179, 1639643887, 100046427
180, 1639730266, 100024172
181, 1639816665, 100044704
182, 1639903057, 100025950
183, 1639989447, 100029349
184, 1640058644, 100282179
185, 1640059086, 100030560
186, 1640145496, 100040000
187, 1640162051, 100458813
188, 1640162167, 100109914
189, 1640176763, 100427716
190, 1640177234, 100162684
191, 1640263626, 100051031
192, 1640344877, 100401682
193, 1640345013, 100074661
194, 1640371475, 100336850
195, 1640371689, 100056360
196, 1640379208, 100403413
197, 1640465575, 100053858
198, 1640551975, 100040321
199, 1640638335, 100031959
200, 1640724695, 100051572
201, 1640811079, 100023505
202, 1640897478, 100008455
203, 1640983861, 100002518
204, 1641070208, 100017544
205, 1641156580, 100010211
206, 1641243007, 100005042
207, 1641329369, 100010868
208, 1641415711, 100022460
209, 1641502140, 100002343
210, 1641588536, 100000000
211, 1641674923, 100017438
212, 1641761307, 100017638
213, 1641847654, 100012025
214, 1641933996, 100024203
215, 1642020350, 100055187
216, 1642106690, 100028015
217, 1642193036, 100039831
218, 1642279479, 100038682
219, 1642365877, 100047818
220, 1642452246, 100023831
221, 1642538648, 100026633
222, 1642625006, 100032856
223, 1642711418, 100020699
224, 1642797837, 100011340
225, 1642797996, 100029427
226, 1642817377, 100031929
227, 1642835676, 100372871
228, 1642835692, 100035139
229, 1642850397, 100271856
230, 1642850436, 100073052
231, 1642858442, 100245050
232, 1642858456, 100061985
233, 1642858533, 100245050
234, 1642858594, 100068535
235, 1642858683, 100061305
236, 1642945012, 100040568
237, 1643024022, 100248077
238, 1643047837, 100158085
239, 1643049550, 100057155
240, 1643135955, 100069537
241, 1643163922, 100052855
242, 1643167627, 100055242
243, 1643253957, 100058941
244, 1643340331, 100027031
245, 1643426694, 100044595
246, 1643513088, 100039644
247, 1643599471, 100032075
248, 1643685762, 100051374
249, 1643772167, 100056686
250, 1643858561, 100054742
251, 1643945019, 100052769
252, 1644031479, 100055405
253, 1644117811, 100055625
254, 1644204184, 100058157
255, 1644290560, 100082315
256, 1644376912, 100071984
257, 1644463295, 100087425
258, 1644549664, 100059910
259, 1644636037, 100073161
260, 1644722432, 100057942
261, 1644808789, 100100000
262, 1644895175, 100088459
263, 1644895827, 100058001
264, 1644896013, 100055150
265, 1644982433, 100070000
266, 1645068844, 100068879
267, 1645155232, 100073365
268, 1645241612, 100100000
269, 1645327972, 100045364
270, 1645414375, 100056000
271, 1645500746, 100084785
272, 1645587126, 100079686
273, 1645673457, 100042992
274, 1645675547, 100150000
275, 1645676000, 100047692
276, 1645676678, 100182663
277, 1645676957, 100059059
278, 1645677412, 100233008
279, 1645677537, 100100000
280, 1645763881, 100048999
281, 1645793654, 100189051
282, 1645793907, 100081149
283, 1645880232, 100055970
284, 1645966612, 100058927
285, 1645970622, 100172628
286, 1645970669, 100053901
287, 1645993932, 100162139
288, 1645994135, 100046026
289, 1645995171, 100161340
290, 1645995191, 100046407
291, 1646081573, 100050000
292, 1646167965, 100051294
293, 1646254298, 100047609
294, 1646340729, 100024200
295, 1646427117, 100048330
296, 1646513485, 100025630
297, 1646599872, 100041343
298, 1646684911, 100150000
299, 1646685094, 100133286
300, 1646685312, 100022813
301, 1646771703, 100012755
302, 1646858086, 100012539
303, 1646893842, 100113832
304, 1646905930, 100010500
305, 1646992267, 100039707
306, 1647078647, 100014499
307, 1647165007, 100021242
308, 1647251331, 100012132
309, 1647337735, 100022472
310, 1647424074, 100041919
311, 1647510425, 100040345
312, 1647596814, 100100000
313, 1647683163, 100030677
314, 1647769486, 100058766
315, 1647855847, 100026871
316, 1647942223, 100043099
317, 1648028577, 100055143
318, 1648093883, 100030984
319, 1648180260, 100037227
320, 1648266620, 100041100
321, 1648352965, 100044647
322, 1648439295, 100026472
323, 1648525675, 100042061
324, 1648526846, 100035956
325, 1648613189, 100036165
326, 1648699471, 100019082
327, 1648785774, 100141723
328, 1648785805, 100034138
329, 1648872160, 100037503
330, 1648958506, 100038384
331, 1649044817, 100029769
332, 1649131189, 100020380
333, 1649188152, 100121609
334, 1649189268, 100018459
335, 1649275667, 100017981
336, 1649362017, 100010000
337, 1649385820, 100126682
338, 1649386106, 100025420
339, 1649442344, 100145059
340, 1649442896, 100140694
341, 1649442944, 100032789
342, 1649529324, 100051781
343, 1649615681, 100035022
344, 1649702066, 100000000
345, 1649742405, 100100000
346, 1649828760, 100023907
347, 1649915154, 100045510
348, 1650001544, 100014735
349, 1650087881, 100021310
350, 1650174239, 100026991
351, 1650260646, 100025742
352, 1650285319, 100136192
353, 1650371696, 100015272
354, 1650458033, 100035516
355, 1650544426, 100029674
356, 1650630776, 100011582
357, 1650717111, 100041706
358, 1650803464, 100027569
359, 1650889885, 100030098
360, 1650976263, 100016712
361, 1651062614, 100015887
362, 1651148991, 100013977
363, 1651235360, 100013549
364, 1651321651, 100012554
365, 1651345073, 100123267
366, 1651345601, 100015912
367, 1651412024, 100156199
368, 1651412137, 100016571
369, 1651435851, 100175351
370, 1651435922, 100011725
371, 1651467540, 100135277
372, 1651467656, 100014885
373, 1651499145, 100289734
374, 1651499221, 100008889
375, 1651585592, 100000000
376, 1651637122, 100100000
377, 1651638184, 99999494
378, 1651724566, 100011953
379, 1651810861, 99990000
380, 1651897234, 99993923
381, 1651946893, 100100000
382, 1651946988, 99999687
383, 1651973918, 100100000
384, 1651974009, 99994498
385, 1652060394, 99984955
386, 1652146788, 99991008
387, 1652216577, 100133233
388, 1652232819, 100091982
389, 1652233024, 100088951
390, 1652233350, 99980000
391, 1652252798, 100117901
392, 1652252974, 100009401
393, 1652272747, 99898824
394, 1652273849, 99790000
395, 1652277016, 99941008
396, 1652277150, 99825011
397, 1652278102, 99934780
398, 1652278378, 99813442
399, 1652279696, 100021661
400, 1652279783, 99871097
401, 1652285722, 99981308
402, 1652286759, 99880243
403, 1652289135, 100006926
404, 1652289989, 100000000
405, 1652290029, 99877402
406, 1652297121, 99980106
407, 1652297196, 100019240
408, 1652297257, 99810184
409, 1652297405, 100070791
410, 1652297462, 99890286
411, 1652297693, 99790000
412, 1652299618, 99974834
413, 1652299725, 99784882
414, 1652300096, 99892200
415, 1652300186, 99753209
416, 1652303374, 99642726
417, 1652303535, 99665130
418, 1652303611, 99798291
419, 1652303770, 99689797
420, 1652303847, 99861940
421, 1652304049, 99747701
422, 1652304380, 99645021
423, 1652304913, 99746506
424, 1652305080, 99645230
425, 1652305442, 99748032
426, 1652306374, 99862113
427, 1652306547, 99740289
428, 1652306623, 99849143
429, 1652306670, 99734591
430, 1652307878, 99890800
431, 1652307924, 99659237
432, 1652309806, 99809603
433, 1652309816, 99676243
434, 1652309981, 99933429
435, 1652310312, 99678534
436, 1652310625, 99861220
437, 1652310675, 99735610
438, 1652311054, 99841820
439, 1652311781, 99625820
440, 1652311853, 99785653
441, 1652311939, 99886123
442, 1652312581, 99780746
443, 1652312688, 99674384
444, 1652312857, 99842200
445, 1652313542, 99596900
446, 1652315279, 99709400
447, 1652317495, 99895958
448, 1652317623, 99762979
449, 1652318878, 99659386
450, 1652320721, 99824100
451, 1652320815, 99626943
452, 1652323082, 99616424
453, 1652324263, 99816437
454, 1652324415, 99671120
455, 1652324832, 99784744
456, 1652325074, 99672059
457, 1652325235, 99794726
458, 1652325299, 99598043
459, 1652325514, 99753981
460, 1652325618, 99607520
461, 1652325743, 99814962
462, 1652325842, 99703082
463, 1652325984, 99583721
464, 1652326055, 99729800
465, 1652326200, 99596087
466, 1652326257, 99742294
467, 1652326335, 99625612
468, 1652327052, 99743136
469, 1652327186, 99590025
470, 1652327994, 99752109
471, 1652328057, 99502309
472, 1652328442, 99605303
473, 1652328611, 99480000
474, 1652328745, 99680765
475, 1652328860, 99829380
476, 1652328913, 99494553
477, 1652329202, 99601913
478, 1652329253, 99470000
479, 1652329418, 99670614
480, 1652329622, 99480000
481, 1652329720, 99580525
482, 1652329764, 99480000
483, 1652329917, 99658979
484, 1652329980, 99500000
485, 1652330356, 99678967
486, 1652330483, 99547271
487, 1652330637, 99790018
488, 1652330715, 99490000
489, 1652331635, 99795477
490, 1652331753, 99583325
491, 1652331855, 99757274
492, 1652331969, 99591876
493, 1652332090, 99457806
494, 1652332625, 99813705
495, 1652332677, 99450000
496, 1652332757, 99887724
497, 1652332841, 99776425
498, 1652332873, 99450000
499, 1652332976, 99619369
500, 1652333089, 99460000
501, 1652333240, 99580362
502, 1652333399, 99410000
503, 1652333445, 99561152
504, 1652333517, 99394773
505, 1652333744, 99566664
506, 1652333830, 99431256
507, 1652334018, 99287362
508, 1652334138, 99508075
509, 1652334197, 99270900
510, 1652334440, 99392304
511, 1652334504, 99180000
512, 1652334710, 99316977
513, 1652334825, 99150000
514, 1652334861, 99251198
515, 1652334926, 99150000
516, 1652335271, 99278209
517, 1652335412, 99100000
518, 1652335526, 99396787
519, 1652335614, 99110000
520, 1652335641, 99248112
521, 1652335701, 99100000
522, 1652335870, 99310925
523, 1652336059, 99100000
524, 1652336423, 98911006
525, 1652336548, 99108836
526, 1652336599, 98849509
527, 1652336639, 99021227
528, 1652336700, 99250611
529, 1652336805, 98624898
530, 1652336967, 98656238
531, 1652337055, 98483138
532, 1652337081, 98598720
533, 1652337215, 98458835
534, 1652337429, 98535039
535, 1652337514, 98302690
536, 1652337546, 98455039
537, 1652337636, 98351481
538, 1652337664, 98472782
539, 1652337705, 98250695
540, 1652337832, 98351791
541, 1652338119, 97702436
542, 1652338148, 98002333
543, 1652338228, 98030201
544, 1652338282, 98227829
545, 1652338400, 98068812
546, 1652338482, 97957267
547, 1652338612, 98343308
548, 1652338682, 97797403
549, 1652338806, 98104678
550, 1652338828, 97710616
551, 1652338858, 97553335
552, 1652338959, 97338335
553, 1652339055, 97207872
554, 1652339118, 97107151
555, 1652339202, 96744171
556, 1652339240, 97406878
557, 1652339557, 96494863
558, 1652339609, 96719921
559, 1652339674, 96609152
560, 1652339751, 96005006
561, 1652339856, 96222169
562, 1652340034, 95504991
563, 1652340114, 95145780
564, 1652340151, 95348202
565, 1652340229, 95230384
566, 1652340268, 95414622
567, 1652340316, 95612030
568, 1652340403, 96132563
569, 1652340504, 96272200
570, 1652340643, 96658566
571, 1652340723, 96908496
572, 1652340812, 96672578
573, 1652340910, 96810842
574, 1652341056, 97197962
575, 1652341128, 96858055
576, 1652341195, 97169997
577, 1652341229, 97298615
578, 1652341390, 97738414
579, 1652341465, 97861882
580, 1652341688, 98414002
581, 1652341765, 98808634
582, 1652341875, 98707665
583, 1652342046, 98824304
584, 1652342194, 98691912
585, 1652342250, 99023810
586, 1652342563, 98804848
587, 1652342809, 98925441
588, 1652342952, 98780000
589, 1652342999, 99023152
590, 1652343086, 98810000
591, 1652343205, 99026993
592, 1652343226, 99232416
593, 1652343265, 99121845
594, 1652343442, 98891541
595, 1652343773, 99046184
596, 1652343822, 99170691
597, 1652343896, 98810000
598, 1652344203, 98945889
599, 1652344228, 98690000
600, 1652344330, 98914039
601, 1652344340, 99232666
602, 1652344440, 98831157
603, 1652344587, 98961272
604, 1652344620, 98824366
605, 1652344755, 99004097
606, 1652344790, 98740000
607, 1652344922, 98946083
608, 1652344954, 99117117
609, 1652345040, 98840087
610, 1652345078, 98940385
611, 1652345124, 98750577
612, 1652345296, 99052128
613, 1652345415, 98896515
614, 1652345492, 98660000
615, 1652345532, 98550000
616, 1652345610, 98835933
617, 1652345709, 98852260
618, 1652345784, 98580000
619, 1652345895, 98754546
620, 1652346032, 98527699
621, 1652346126, 98400000
622, 1652346200, 98617423
623, 1652346265, 98431481
624, 1652346311, 98640220
625, 1652346395, 98320000
626, 1652346452, 98616881
627, 1652346490, 98350000
628, 1652346595, 98520003
629, 1652346709, 98750184
630, 1652346726, 98401316
631, 1652346781, 98557039
632, 1652346786, 98717503
633, 1652346842, 98386771
634, 1652347002, 98536937
635, 1652347299, 98320000
636, 1652347342, 98573438
637, 1652347381, 98330000
638, 1652347452, 98553138
639, 1652347535, 98320000
640, 1652347542, 98675416
641, 1652347731, 98573337
642, 1652347930, 98380000
643, 1652348144, 98635904
644, 1652348232, 98452090
645, 1652348237, 98620568
646, 1652348312, 98330247
647, 1652348433, 98677191
648, 1652348545, 98364286
649, 1652348610, 98739900
650, 1652348660, 98320000
651, 1652348820, 98585650
652, 1652348935, 98735133
653, 1652349007, 98528385
654, 1652349071, 98732503
655, 1652349098, 98488604
656, 1652349172, 98824906
657, 1652349182, 98700969
658, 1652349320, 98500000
659, 1652349537, 98627153
660, 1652349612, 98736113
661, 1652349640, 98626062
662, 1652350087, 98450000
663, 1652350715, 98577990
664, 1652350721, 98724464
665, 1652350843, 98540000
666, 1652351013, 98721957
667, 1652351217, 98530000
668, 1652351513, 98745935
669, 1652351626, 98550000
670, 1652351790, 98779944
671, 1652351860, 98622048
672, 1652351966, 98850856
673, 1652352014, 98600000
674, 1652352059, 98765676
675, 1652352141, 98590000
676, 1652352551, 98700971
677, 1652352867, 98877177
678, 1652352978, 98700000
679, 1652353209, 98805345
680, 1652353394, 98700000
681, 1652353922, 98803940
682, 1652353948, 98968336
683, 1652354090, 98752963
684, 1652354606, 98874779
685, 1652355258, 98986991
686, 1652355811, 99108334
687, 1652356527, 99217762
688, 1652356910, 99321019
689, 1652357818, 99520539
690, 1652358360, 99460207
691, 1652358492, 99314420
692, 1652358831, 99420680
693, 1652359038, 99318740
694, 1652359400, 99420000
695, 1652359588, 99566292
696, 1652359641, 99430000
697, 1652361410, 99531015
698, 1652362990, 99378068
699, 1652363424, 99506539
700, 1652363572, 99392022
701, 1652365277, 99511698
702, 1652366904, 99410000
703, 1652366980, 99539748
704, 1652368997, 99640000
705, 1652369233, 99743387
706, 1652369695, 99630000
707, 1652372565, 99758005
708, 1652373723, 99882219
709, 1652374158, 99770564
710, 1652374711, 99912797
711, 1652375574, 99790000
712, 1652375670, 99902869
713, 1652375743, 99767988
714, 1652377149, 99872743
715, 1652377313, 99734280
716, 1652377803, 99895746
717, 1652377888, 99783741
718, 1652378978, 99884892
719, 1652379019, 99777468
720, 1652379111, 99968770
721, 1652379216, 99843100
722, 1652379224, 99720000
723, 1652380368, 99926500
724, 1652380472, 99810180
725, 1652382304, 99950118
726, 1652382336, 99826823
727, 1652383847, 99721200
728, 1652384559, 99835018
729, 1652384752, 99953222
730, 1652384821, 99805935
731, 1652384986, 99932443
732, 1652385122, 99776223
733, 1652385158, 99879407
734, 1652385760, 99777380
735, 1652386109, 99877520
736, 1652386850, 99754344
737, 1652388238, 99873665
738, 1652388508, 99750000
739, 1652388601, 99895925
740, 1652389482, 99904293
741, 1652389635, 99768417
742, 1652390259, 99871967
743, 1652390449, 99768461
744, 1652390519, 99973770
745, 1652395519, 99971846
746, 1652395665, 99771849
747, 1652396107, 99894019
748, 1652396252, 99773438
749, 1652396786, 99876085
750, 1652397243, 99755631
751, 1652397555, 99914590
752, 1652397673, 99814259
753, 1652398392, 99945700
754, 1652398490, 99827430
755, 1652400731, 99966122
756, 1652400795, 99852725
757, 1652402136, 99751600
758, 1652402518, 99879679
759, 1652402961, 99763452
760, 1652405804, 99898951
761, 1652406462, 99872786
762, 1652406573, 99734855
763, 1652406757, 99893281
764, 1652406907, 99767393
765, 1652407105, 99873142
766, 1652407398, 99850463
767, 1652407566, 99746770
768, 1652407711, 99850082
769, 1652407879, 99737838
770, 1652407935, 99853200
771, 1652408039, 99741903
772, 1652408103, 99897460
773, 1652408232, 99749380
774, 1652410875, 99876180
775, 1652412070, 99843761
776, 1652413865, 99740000
777, 1652415096, 99868726
778, 1652415715, 99764608
779, 1652416197, 99935838
780, 1652416324, 99791625
781, 1652416394, 99933206
782, 1652416427, 99789009
783, 1652416632, 99890913
784, 1652416789, 99781204
785, 1652417112, 99938091
786, 1652417218, 99782021
787, 1652417502, 99890484
788, 1652417832, 99784700
789, 1652418718, 99888132
790, 1652418847, 99786550
791, 1652420331, 99922127
792, 1652420355, 99779073
793, 1652420944, 99904123
794, 1652421031, 99797294
795, 1652421176, 99976185
796, 1652421241, 99782089
797, 1652421325, 99890751
798, 1652422358, 99786897
799, 1652422476, 99891848
800, 1652425115, 99791735
801, 1652425297, 99917885
802, 1652426200, 99808562
803, 1652426371, 99919073
804, 1652426388, 99811810
805, 1652427285, 99939249
806, 1652427332, 99817796
807, 1652427613, 99980989
808, 1652427683, 99825278
809, 1652428085, 99938878
810, 1652428091, 99834771
811, 1652428478, 99974470
812, 1652428546, 99866923
813, 1652429164, 99980667
814, 1652429910, 99972931
815, 1652430082, 99860802
816, 1652430691, 99974493
817, 1652431213, 99845990
818, 1652431573, 99992920
819, 1652431787, 99847236
820, 1652434275, 100000000
821, 1652434347, 99894122
822, 1652434852, 100000000
823, 1652439023, 99896694
824, 1652439079, 100008172
825, 1652439324, 99888226
826, 1652439798, 100011959
827, 1652439924, 99890000
828, 1652440455, 100000000
829, 1652442980, 99900000
830, 1652446638, 100033300
831, 1652447041, 99911234
832, 1652448847, 100011976
833, 1652448934, 99909546
834, 1652449436, 100026368
835, 1652449566, 99923482
836, 1652450181, 100028624
837, 1652450383, 99920108
838, 1652451864, 100067200
839, 1652456106, 100043406
840, 1652456177, 99928223
841, 1652456628, 100078316
842, 1652456709, 99921473
843, 1652458678, 100029634
844, 1652458840, 99928206
845, 1652460455, 100057321
846, 1652460602, 99905121
847, 1652461108, 100070000
848, 1652461143, 99960604
849, 1652461401, 100076861
850, 1652461561, 99968140
851, 1652464449, 99865243
852, 1652465236, 100026979
853, 1652465285, 99895141
854, 1652466694, 99995275
855, 1652466811, 99888854
856, 1652467134, 99998181
857, 1652467245, 99880000
858, 1652472235, 99982889
859, 1652472327, 99875804
860, 1652476407, 99980570
861, 1652476476, 99860000
862, 1652476573, 99987591
863, 1652476632, 99870000
864, 1652479854, 99997133
865, 1652479970, 99884503
866, 1652480211, 99984389
867, 1652480695, 99869041
868, 1652480870, 99980933
869, 1652480933, 99869107
870, 1652481485, 99976506
871, 1652481854, 99993345
872, 1652482030, 99865868
873, 1652482899, 99987939
874, 1652483021, 99855672
875, 1652483058, 99996550
876, 1652483211, 99863868
877, 1652483585, 99993502
878, 1652484151, 99951654
879, 1652485064, 99850000
880, 1652486151, 99977947
881, 1652486326, 99864726
882, 1652490432, 99999394
883, 1652490656, 99864075
884, 1652491354, 99968767
885, 1652491662, 99836878
886, 1652492288, 99965628
887, 1652492341, 99853687
888, 1652492630, 99842400
889, 1652493169, 99966934
890, 1652493260, 99850000
891, 1652496828, 99964700
892, 1652497919, 99947334
893, 1652497936, 99840951
894, 1652499146, 99982329
895, 1652499523, 99882323
896, 1652504660, 99988909
897, 1652504728, 99858538
898, 1652504972, 99976223
899, 1652505041, 99849577
900, 1652505088, 99965645
901, 1652505384, 99860669
902, 1652506142, 99964919
903, 1652506948, 99840000
904, 1652507122, 99940913
905, 1652510136, 99833449
906, 1652510553, 99939936
907, 1652510714, 99836387
908, 1652515816, 99953718
909, 1652515926, 99848802
910, 1652522728, 99954448
911, 1652523409, 99933349
912, 1652523665, 99830000
913, 1652524085, 99963441
914, 1652524624, 99845513
915, 1652525249, 99981361
916, 1652525434, 99859213
917, 1652525535, 99959300
918, 1652525898, 99836048
919, 1652526129, 99959520
920, 1652526395, 99830000
921, 1652526482, 99986252
922, 1652526567, 99816934
923, 1652526625, 99982978
924, 1652526785, 99817516
925, 1652526950, 99818769
926, 1652536065, 99935274
927, 1652536221, 99830000
928, 1652536749, 99968909
929, 1652536808, 99840000
930, 1652537039, 99955486
931, 1652537173, 99840000
932, 1652538889, 99943516
933, 1652539104, 99840000
934, 1652539730, 99942537
935, 1652540208, 99839154
936, 1652540764, 99976884
937, 1652540863, 99830000
938, 1652541151, 99945156
939, 1652541259, 99843402
940, 1652542064, 99944602
941, 1652542178, 99841123
942, 1652542342, 99970554
943, 1652542374, 99869536
944, 1652548676, 99973757
945, 1652553357, 99985000
946, 1652553433, 99882244
947, 1652553947, 99985000
948, 1652555384, 100070857
949, 1652555442, 99896021
950, 1652573326, 100010068
951, 1652573572, 99900455
952, 1652585109, 100002165
953, 1652585168, 99894639
954, 1652585499, 100020000
955, 1652585580, 99876661
956, 1652587976, 99994698
957, 1652588250, 99885578
958, 1652590399, 99986933
959, 1652590521, 99879551
960, 1652602599, 99979997
961, 1652602766, 99879214
962, 1652603380, 100020000
963, 1652603449, 99879717
964, 1652605085, 99992268
965, 1652605151, 99881997
966, 1652605640, 100000000
967, 1652605670, 99898788
968, 1652624172, 100007885
969, 1652624329, 99886631
970, 1652624388, 100021388
971, 1652624429, 99880480
972, 1652624485, 100020000
973, 1652624524, 99879410
974, 1652625079, 99981328
975, 1652625641, 99880000
976, 1652627779, 100000000
977, 1652628133, 99880000
978, 1652628197, 99981583
979, 1652629480, 99880000
980, 1652629511, 99988542
981, 1652629761, 99885860
982, 1652630297, 99986329
983, 1652630325, 99880000
984, 1652630575, 99993883
985, 1652630875, 99890523
986, 1652631095, 100016416
987, 1652631222, 99889122
988, 1652631474, 99990378
989, 1652631744, 99890000
990, 1652636789, 99994864
991, 1652637421, 99888290
992, 1652639793, 99998352
993, 1652640527, 99893716
994, 1652666475, 100048036
995, 1652666516, 99900000
996, 1652674479, 100000000
997, 1652674656, 99890905
998, 1652674852, 99888215
999, 1652678588, 100000000
1000, 1652678901, 99892417
1001, 1652702185, 99994875
1002, 1652712429, 99894563
1003, 1652774754, 100000000
1004, 1652774895, 99897556
1005, 1652781462, 100012586
1006, 1652781748, 99900030
1007, 1652798762, 100063245
1008, 1652798935, 100227252
1009, 1652799031, 99951196
1010, 1652799518, 100152874
1011, 1652804688, 100072207
1012, 1652804893, 99897381
1013, 1652805700, 100026980
1014, 1652805783, 99926067
1015, 1652886700, 100037372
1016, 1652886770, 99884727
1017, 1652887344, 99989441
1018, 1652887408, 99880745
1019, 1652914645, 99985700
1020, 1652914804, 99877643
1021, 1652926008, 99994668
1022, 1652926066, 99880000
1023, 1652939904, 99995790
1024, 1652940033, 99890000
1025, 1652949543, 100000000
1026, 1652950129, 99900000
1027, 1653036538, 99983479
1028, 1653060452, 100200000
1029, 1653060547, 100096894
1030, 1653080475, 100063280
1031, 1653080518, 99892772
1032, 1653083057, 100000000
1033, 1653083101, 99893139
1034, 1653086956, 100063757
1035, 1653087004, 99890000
1036, 1653092617, 100000000
1037, 1653092722, 99885440
1038, 1653094370, 99994660
1039, 1653094477, 99890489
1040, 1653094536, 100000000
1041, 1653094669, 99897181
1042, 1653103498, 100007365
1043, 1653112482, 100056916
1044, 1653112576, 99880996
1045, 1653114891, 100000000
1046, 1653114942, 99893674
1047, 1653141223, 100059627
1048, 1653141257, 99889226
1049, 1653161339, 100039795
1050, 1653161433, 99890000
1051, 1653162113, 99992044
1052, 1653162226, 99890000
1053, 1653163595, 100061735
1054, 1653164210, 100000000
1055, 1653164274, 99880000
1056, 1653167986, 100004686
1057, 1653168062, 99890201
1058, 1653168846, 100000000
1059, 1653169650, 100000000
1060, 1653170575, 100046434
1061, 1653173170, 100042282
1062, 1653173266, 99909411
1063, 1653173370, 99890000
1064, 1653182087, 100008283
1065, 1653182152, 99901857
1066, 1653185757, 100047906
1067, 1653185817, 99890000
1068, 1653190700, 100000000
1069, 1653190728, 99890000
1070, 1653196015, 100022450
1071, 1653196319, 99899214
1072, 1653197054, 100056585
1073, 1653197360, 100019906
1074, 1653197752, 100000879
1075, 1653197775, 99890000
1076, 1653198854, 100009160
1077, 1653198927, 100009160
1078, 1653199005, 99901825
1079, 1653201406, 100004499
1080, 1653204108, 100059123
1081, 1653204298, 99890000
1082, 1653205708, 100027249
1083, 1653205753, 99890000
1084, 1653205915, 99990835
1085, 1653205986, 99890000
1086, 1653208721, 100000000
1087, 1653209253, 99890000
1088, 1653210138, 100000000
1089, 1653210259, 99896493
1090, 1653210745, 100000000
1091, 1653210954, 99891015
1092, 1653211205, 100000000
1093, 1653211372, 99900000
1094, 1653220292, 100000000
1095, 1653220387, 99900000
1096, 1653221693, 100000000
1097, 1653224369, 100000000
1098, 1653224445, 99884406
1099, 1653226914, 100000000
1100, 1653226990, 99900000
1101, 1653227353, 100000000
1102, 1653227483, 99900000
1103, 1653227832, 100000000
1104, 1653227880, 99900000
1105, 1653242985, 100013244
1106, 1653244062, 100000000
1107, 1653244112, 99900000
1108, 1653244289, 100017606
1109, 1653244388, 99900000
1110, 1653247059, 100004600
1111, 1653247294, 99900000
1112, 1653254308, 100013130
1113, 1653254412, 99900000
1114, 1653274699, 100000000
1115, 1653278732, 99900000
1116, 1653296123, 100000000
1117, 1653305929, 99900000
1118, 1653362172, 100000723
1119, 1653362870, 99900000
1120, 1653385597, 100000000
1121, 1653385865, 99900000
1122, 1653389236, 100010426
1123, 1653389363, 99906711
1124, 1653394249, 100009899
1125, 1653394320, 99901273
1126, 1653406110, 100006992
1127, 1653406159, 99898949
1128, 1653407034, 100015810
1129, 1653407459, 99913269
1130, 1653410721, 100055771
1131, 1653410775, 99921614
1132, 1653413106, 100028967
1133, 1653413248, 99900623
1134, 1653413442, 100014490
1135, 1653413970, 99913121
1136, 1653424157, 100014350
1137, 1653427168, 99911445
1138, 1653509678, 100068258
1139, 1653509700, 99900000
1140, 1653549506, 100000000
1141, 1653550249, 99900000
1142, 1653567340, 100000000
1143, 1653567688, 99900000
1144, 1653570656, 100000000
1145, 1653570751, 99888694
1146, 1653571600, 100064802
1147, 1653571775, 99905829
1148, 1653571860, 100028547
1149, 1653571980, 99909894
1150, 1653604842, 100010569
1151, 1653605375, 99910000
1152, 1653609518, 100047076
1153, 1653609546, 99910000
1154, 1653612938, 100054414
1155, 1653613172, 99922304
1156, 1653615155, 100048551
1157, 1653615243, 99920867
1158, 1653619077, 100023224
1159, 1653619132, 99914745
1160, 1653620162, 100016850
1161, 1653620450, 99910000
1162, 1653664435, 100047925
1163, 1653664506, 99920000
1164, 1653750871, 99952546
1165, 1653837207, 99932534
1166, 1653923584, 99939803
1167, 1654009983, 99944890
1168, 1654094710, 100065136
1169, 1654094803, 99941285
1170, 1654103607, 100064312
1171, 1654103715, 99958036
1172, 1654117604, 100072440
1173, 1654117867, 99958972
1174, 1654121520, 100060882
1175, 1654125289, 99959939
1176, 1654125948, 100060681
1177, 1654126695, 99950000
1178, 1654134511, 100052544
1179, 1654137178, 99924797
1180, 1654141252, 100028866
1181, 1654149398, 99928681
1182, 1654155041, 100030909
1183, 1654178010, 99927746
1184, 1654185940, 100031932
1185, 1654208231, 99929001
1186, 1654226155, 100039092
1187, 1654240997, 99934201
1188, 1654253577, 100040689
1189, 1654256549, 99938800
1190, 1654258401, 100078818
1191, 1654258672, 99973613
1192, 1654345035, 99963999
1193, 1654363630, 100064916
1194, 1654364858, 99960003
1195, 1654451200, 99964411
1196, 1654537574, 99998284
1197, 1654623973, 100011913
1198, 1654642575, 100116594
1199, 1654642935, 99949069
1200, 1654643373, 100051874
1201, 1654643855, 99940000
1202, 1654680103, 100048072
1203, 1654680501, 99944406
1204, 1654691568, 100078838
1205, 1654691715, 99963937
1206, 1654691881, 100068710
1207, 1654692095, 99950000
1208, 1654692290, 100057421
1209, 1654692357, 99950000
1210, 1654704890, 100100000
1211, 1654705045, 99982100
1212, 1654791376, 99985425
1213, 1654877731, 99978300
1214, 1654938569, 100176360
1215, 1654938603, 99945131
1216, 1654961565, 100054735
1217, 1654961659, 99946623
1218, 1654963705, 100053191
1219, 1654964057, 99952819
1220, 1654968932, 100084881
1221, 1654972980, 99948021
1222, 1654974537, 100053082
1223, 1654977897, 99948530
1224, 1654981935, 100049434
1225, 1654987436, 99949119
1226, 1654994418, 100052105
1227, 1654998689, 99950579
1228, 1655001106, 100056043
1229, 1655001236, 99955688
1230, 1655044067, 100060012
1231, 1655044350, 99950000
1232, 1655052193, 100058067
1233, 1655052751, 99949900
1234, 1655054926, 100064438
1235, 1655055437, 99952787
1236, 1655058164, 99950000
1237, 1655059127, 100075575
1238, 1655059218, 99940000
1239, 1655059317, 100049068
1240, 1655059425, 99947677
1241, 1655061812, 100051580
1242, 1655062491, 99950000
1243, 1655064820, 100086575
1244, 1655065612, 99950000
1245, 1655066287, 100051779
1246, 1655066548, 99944498
1247, 1655067778, 100048984
1248, 1655072565, 99919584
1249, 1655074228, 100037973
1250, 1655074499, 99937691
1251, 1655075000, 100050304
1252, 1655077055, 99942500
1253, 1655077323, 100048158
1254, 1655077809, 100066578
1255, 1655078128, 99960000
1256, 1655079844, 100090587
1257, 1655080436, 99946817
1258, 1655083343, 100052333
1259, 1655083679, 99920147
1260, 1655084149, 100100000
1261, 1655084249, 99996745
1262, 1655084919, 99884480
1263, 1655085148, 99987253
1264, 1655086671, 99886331
1265, 1655086956, 99990000
1266, 1655088869, 100096012
1267, 1655089896, 100132788
1268, 1655090147, 100022001
1269, 1655090289, 99909804
1270, 1655090572, 100100000
1271, 1655090809, 99990000
1272, 1655091798, 100091942
1273, 1655092742, 99977586
1274, 1655109532, 99876655
1275, 1655110389, 100024365
1276, 1655110553, 99874176
1277, 1655111699, 100105177
1278, 1655111813, 99969227
1279, 1655112074, 99832251
1280, 1655113570, 100032854
1281, 1655113710, 99930000
1282, 1655117364, 99829078
1283, 1655118422, 99951147
1284, 1655118703, 99834040
1285, 1655120031, 99942439
1286, 1655120070, 99810000
1287, 1655121189, 99927662
1288, 1655122257, 99827612
1289, 1655122494, 99950002
1290, 1655122731, 99832291
1291, 1655123600, 99940490
1292, 1655125691, 99836704
1293, 1655125932, 99942429
1294, 1655173905, 100045919
1295, 1655173999, 99931486
1296, 1655176299, 100033730
1297, 1655176513, 99910733
1298, 1655262914, 99899961
1299, 1655314770, 100008893
1300, 1655315447, 99907025
1301, 1655318512, 100100000
1302, 1655318569, 99954852
1303, 1655386613, 99830497
1304, 1655387245, 99930721
1305, 1655473634, 99925320
1306, 1655559954, 99963976
1307, 1655583137, 99844072
1308, 1655587066, 99962423
1309, 1655587741, 99856399
1310, 1655597290, 99988169
1311, 1655597702, 99870000
1312, 1655601330, 99982451
1313, 1655601754, 99880000
1314, 1655605424, 99987948
1315, 1655606951, 99887842
1316, 1655642716, 99988100
1317, 1655642761, 99881355
1318, 1655656432, 99985419
1319, 1655657545, 99876297
1320, 1655658653, 99982706
1321, 1655665639, 99875452
1322, 1655667347, 99989490
1323, 1655667724, 99886469
1324, 1655668119, 99988133
1325, 1655669446, 99887541
1326, 1655677106, 99998145
1327, 1655677897, 99888167
1328, 1655764268, 99940258
1329, 1655850647, 99953849
1330, 1655937037, 99907546
1331, 1656001683, 100015271
1332, 1656007185, 99912268
1333, 1656093507, 99906504
1334, 1656111375, 100009816
1335, 1656112530, 99909090
1336, 1656117968, 100031663
1337, 1656118642, 99930563
1338, 1656193873, 100038060
1339, 1656217808, 99937543
1340, 1656249735, 100096977
1341, 1656249807, 99987116
1342, 1656314830, 100088644
1343, 1656337981, 100096410
1344, 1656338195, 99964438
1345, 1656380196, 100131546
1346, 1656380274, 99988426
1347, 1656381356, 100100000
1348, 1656381447, 99918057
1349, 1656422242, 100097683
1350, 1656422312, 99905130
1351, 1656432936, 100019718
1352, 1656433038, 99904188
1353, 1656438361, 100024212
1354, 1656440323, 100013952
1355, 1656440401, 99896537
1356, 1656445231, 100000000
1357, 1656454172, 100025598
1358, 1656454290, 99890000
1359, 1656457853, 100000000
1360, 1656457966, 99890000
1361, 1656461868, 100043811
1362, 1656461878, 99898193
1363, 1656462275, 100035094
1364, 1656462279, 99908084
1365, 1656463577, 100024136
1366, 1656463595, 99890000
1367, 1656468326, 99995700
1368, 1656469083, 99894990
1369, 1656472761, 100000000
1370, 1656472973, 99890000
1371, 1656483210, 100005468
1372, 1656483318, 99896133
1373, 1656489839, 100000000
1374, 1656490216, 99884912
1375, 1656494863, 100018727
1376, 1656494929, 99884813
1377, 1656555932, 99999610
1378, 1656556802, 99893698
1379, 1656564549, 99999783
1380, 1656565170, 99899494
1381, 1656569713, 100007858
1382, 1656582543, 100012526
1383, 1656582690, 99888083
1384, 1656594504, 99993505
1385, 1656595127, 99890000
1386, 1656596306, 100000000
1387, 1656596468, 99895812
1388, 1656597440, 100041432
1389, 1656597531, 99937162
1390, 1656597888, 100052468
1391, 1656598175, 99900000
1392, 1656598504, 100011379
1393, 1656598855, 99890000
1394, 1656599259, 99999351
1395, 1656599491, 99890000
1396, 1656599656, 100010776
1397, 1656599930, 99890000
1398, 1656602140, 100008877
1399, 1656602252, 99890000
1400, 1656603124, 99997861
1401, 1656603215, 99890071
1402, 1656603570, 100004186
1403, 1656603941, 99901136
1404, 1656604959, 100034044
1405, 1656605246, 99900894
1406, 1656605831, 100053763
1407, 1656605927, 99896105
1408, 1656609580, 100024214
1409, 1656609813, 100035918
1410, 1656610105, 99907964
1411, 1656614306, 100037445
1412, 1656614398, 99893384
1413, 1656614648, 100000000
1414, 1656614777, 99886847
1415, 1656614829, 99889027
1416, 1656624847, 99996730
1417, 1656624921, 99890000
1418, 1656628684, 100000000
1419, 1656628758, 99890835
1420, 1656630501, 99992675
1421, 1656630633, 99891500
1422, 1656642596, 99995196
1423, 1656642753, 99890000
1424, 1656643080, 99991796
1425, 1656643319, 99890000
1426, 1656644012, 100000850
1427, 1656648291, 100044372
1428, 1656648320, 99890071
1429, 1656648403, 100059365
1430, 1656648522, 99882803
1431, 1656666351, 100028176
1432, 1656666480, 99884476
1433, 1656668584, 99993853
1434, 1656673745, 100173031
1435, 1656673913, 100044593
1436, 1656674212, 99896040
1437, 1656674444, 100064077
1438, 1656674548, 99962939
1439, 1656697200, 100065386
1440, 1656697330, 99902824
1441, 1656706336, 100009761
1442, 1656706561, 99900000
1443, 1656717088, 100033704
1444, 1656717223, 99900000
1445, 1656719998, 100024770
1446, 1656727744, 100003873
1447, 1656727794, 99891426
1448, 1656755204, 100000000
1449, 1656755804, 99900000
1450, 1656759581, 100027499
1451, 1656759718, 99900915
1452, 1656761586, 100038276
1453, 1656761721, 99931362
1454, 1656848106, 99908366
1455, 1656853214, 100053467
1456, 1656853238, 99902650
1457, 1656884796, 100017901
1458, 1656884879, 99905994
1459, 1656970656, 100022743
1460, 1656970858, 99907854
1461, 1656976950, 100024405
1462, 1656977018, 99912469
1463, 1657008754, 100057093
1464, 1657008814, 99940198
1465, 1657014963, 100076392
1466, 1657015125, 99928185
1467, 1657021468, 100031561
1468, 1657021479, 99913149
1469, 1657022832, 100032774
1470, 1657023226, 99911251
1471, 1657029373, 100030009
1472, 1657029498, 99906118
1473, 1657029575, 100009381
1474, 1657029622, 99906741
1475, 1657030058, 100032206
1476, 1657030121, 99905357
1477, 1657031560, 100027863
1478, 1657031617, 99909116
1479, 1657031790, 99909006
1480, 1657031991, 100011972
1481, 1657032032, 99910617
1482, 1657037702, 100085622
1483, 1657039588, 100032951
1484, 1657039743, 99908069
1485, 1657041295, 100040489
1486, 1657041337, 99912174
1487, 1657046537, 100043734
1488, 1657046632, 99909010
1489, 1657047965, 100067965
1490, 1657048018, 99907864
1491, 1657050465, 100106565
1492, 1657050517, 99910954
1493, 1657054880, 100049290
1494, 1657054940, 99912876
1495, 1657055902, 100100000
1496, 1657056034, 99905370
1497, 1657072407, 100072541
1498, 1657106786, 100035269
1499, 1657106861, 99919837
1500, 1657110291, 100044389
1501, 1657110373, 99929526
1502, 1657196773, 99922578
1503, 1657283148, 99941924
1504, 1657369520, 99950000
1505, 1657415600, 100055997
1506, 1657415743, 99954051
1507, 1657502045, 99961686
1508, 1657534223, 100091104
1509, 1657534278, 99946028
1510, 1657534808, 100100000
1511, 1657534877, 99945416
1512, 1657535102, 100073550
1513, 1657535153, 99967800
1514, 1657537503, 100105026
1515, 1657537567, 99997124
1516, 1657539902, 100100000
1517, 1657540011, 99953097
1518, 1657540225, 100097114
1519, 1657540269, 99968454
1520, 1657540483, 100100196
1521, 1657540590, 99950000
1522, 1657541522, 100100000
1523, 1657541554, 99981728
1524, 1657627905, 99958500
1525, 1657714300, 99913531
1526, 1657716643, 100028582
1527, 1657716741, 99921507
1528, 1657803105, 99935800
1529, 1657889476, 99961424
1530, 1657975884, 99993082
1531, 1658062281, 99981874
1532, 1658148681, 99980000
1533, 1658235037, 100000000
1534, 1658321449, 100032832
1535, 1658407790, 100013078
1536, 1658494163, 100014244
1537, 1658580517, 100013881
1538, 1658666909, 100010010
1539, 1658753302, 100007927
1540, 1658839681, 100018526
1541, 1658926042, 100016746
1542, 1659012383, 100043026
1543, 1659098741, 100023084
1544, 1659110831, 100146618
1545, 1659111181, 100031088
1546, 1659113653, 100133669
1547, 1659113798, 100026609
1548, 1659200148, 100040592
1549, 1659286539, 100034010
1550, 1659372912, 100019920
1551, 1659459247, 100023826
1552, 1659545581, 100014790
1553, 1659631962, 100024557
1554, 1659718274, 100005665
1555, 1659804653, 100022299
1556, 1659891038, 100028152
1557, 1659977419, 100010948
1558, 1660063825, 100015108
1559, 1660135341, 100195548
1560, 1660135648, 99875231
1561, 1660221951, 100047892
1562, 1660308316, 100072668
1563, 1660394670, 100059847
1564, 1660481013, 100047455
1565, 1660567385, 100042913
1566, 1660653736, 100020641
1567, 1660740147, 100009050
1568, 1660826521, 100008120
1569, 1660912927, 100006163
1570, 1660999293, 100000000
1571, 1661085666, 100004466
1572, 1661172038, 100002896
1573, 1661258429, 99999827
1574, 1661344842, 100007548
1575, 1661431184, 100001116
1576, 1661517560, 100006016
1577, 1661603920, 100011540
1578, 1661690248, 100000000
1579, 1661776594, 100000000
1580, 1661862947, 100006779
1581, 1661949316, 100000000
1582, 1661965356, 100000000
1583, 1662051841, 99998924
1584, 1662051901, 99999368
1585, 1662138307, 100006875
1586, 1662224710, 100014125
1587, 1662311114, 100006129
1588, 1662397520, 100000000
1589, 1662483924, 99999388
1590, 1662570339, 100000000
1591, 1662656760, 100008427
1592, 1662743163, 100000000
1593, 1662766340, 100149767
1594, 1662766369, 100042784
1595, 1662852772, 100025102
1596, 1662854963, 100128020
1597, 1662855444, 100027616
1598, 1662855534, 100180388
1599, 1662855624, 100030682
1600, 1662855894, 100188817
1601, 1662855924, 100030821
1602, 1662856164, 100150645
1603, 1662856224, 100029580
1604, 1662864270, 100141891
1605, 1662864720, 100030116
1606, 1662906989, 100159015
1607, 1662907019, 100026997
1608, 1662993422, 100005139
1609, 1663079846, 100009564
1610, 1663166250, 100008103
1611, 1663252653, 100001971
1612, 1663263911, 100160797
1613, 1663263941, 100007162
1614, 1663350344, 99999843
1615, 1663436752, 100017101
1616, 1663523180, 100000000
1617, 1663609585, 100011359
1618, 1663695992, 100016967
1619, 1663782395, 100011048
1620, 1663868799, 100000000
1621, 1663955220, 100015971
1622, 1664041623, 100005884
1623, 1664128027, 100004744
1624, 1664164355, 100129941
1625, 1664165525, 100027753
1626, 1664168558, 100135786
1627, 1664169698, 100016332
1628, 1664212809, 100124308
1629, 1664212929, 100010436
1630, 1664218484, 100118313
1631, 1664218543, 100009459
1632, 1664225238, 100169063
1633, 1664225268, 100054862
1634, 1664229201, 100163568
1635, 1664229441, 100001399
1636, 1664315849, 99998494
1637, 1664402253, 99992739
1638, 1664488657, 100012763
1639, 1664575063, 100005951
1640, 1664661465, 100000322
1641, 1664747868, 100003022
1642, 1664834273, 100000975
1643, 1664920693, 100028542
1644, 1665007103, 100019118
1645, 1665093525, 100021905
1646, 1665179945, 100024749
1647, 1665266346, 100017477
1648, 1665352776, 100013642
1649, 1665439179, 100002801
1650, 1665525580, 99993059
1651, 1665611996, 100000000
1652, 1665698407, 100008155
1653, 1665784826, 100003280
1654, 1665871227, 100004981
1655, 1665957635, 100009017
1656, 1666044058, 100000000
1657, 1666130468, 100000000
1658, 1666216886, 100000448
1659, 1666303290, 99998358
1660, 1666389709, 100000000
1661, 1666476111, 100005164
1662, 1666562513, 100023408
1663, 1666648914, 100004606
1664, 1666735316, 100025349
1665, 1666821719, 100016882
1666, 1666908120, 100008502
1667, 1666994522, 100022199
1668, 1667080926, 100022438
1669, 1667167355, 100026469
1670, 1667253756, 99994964
1671, 1667340158, 100000000
1672, 1667426562, 100006448
1673, 1667512991, 99998379
1674, 1667599393, 99965922
1675, 1667685821, 100000000
1676, 1667772240, 100027484
1677, 1667858640, 100000000
1678, 1667879655, 100100000
1679, 1667925168, 99997098
1680, 1667930542, 100100000
1681, 1667941140, 99970194
1682, 1667941711, 100077939
1683, 1667944473, 99974400
1684, 1667946094, 100078187
1685, 1667948255, 100200000
1686, 1667948555, 100086312
1687, 1667951257, 99984400
1688, 1667953569, 100092028
1689, 1667960894, 99990435
1690, 1667961495, 100100000
1691, 1667962966, 99981963
1692, 1667964077, 100111438
1693, 1667964857, 99982975
1694, 1667965397, 100083004
1695, 1667973263, 99972751
1696, 1667978306, 100074538
1697, 1667982389, 99960000
1698, 1667983470, 100070989
1699, 1667985392, 99965679
1700, 1667990677, 99835181
1701, 1667990767, 99938116
1702, 1667990976, 99821636
1703, 1667992177, 99923493
1704, 1667992628, 100030616
1705, 1667992688, 99926682
1706, 1667994489, 100029820
1707, 1667997251, 99901282
1708, 1667997731, 100100000
1709, 1667997882, 99959045
1710, 1667997972, 100099350
1711, 1667998002, 99959045
1712, 1667998122, 100098787
1713, 1667998182, 99971473
1714, 1667998272, 100079706
1715, 1667998422, 99973200
1716, 1667998632, 100089845
1717, 1667999563, 100200000
1718, 1668000343, 100338130
1719, 1668000403, 100200000
1720, 1668000433, 100349756
1721, 1668000463, 100215731
1722, 1668000673, 99959000
1723, 1668000733, 100087818
1724, 1668000854, 99959000
1725, 1668000884, 100065729
1726, 1668001544, 100167093
1727, 1668001664, 100058864
1728, 1668002205, 99910335
1729, 1668002265, 100016368
1730, 1668005297, 99892121
1731, 1668005327, 100057746
1732, 1668006768, 99935824
1733, 1668007098, 100100000
1734, 1668007639, 99995125
1735, 1668007699, 100097803
1736, 1668007758, 99995125
1737, 1668007879, 100100000
1738, 1668008179, 99997796
1739, 1668009530, 100100000
1740, 1668009800, 99918771
1741, 1668009830, 100028732
1742, 1668009920, 99926163
1743, 1668009980, 100030594
1744, 1668010941, 100172441
1745, 1668011061, 100071204
1746, 1668017726, 100200000
1747, 1668018026, 100322238
1748, 1668018086, 100100000
1749, 1668018147, 100300368
1750, 1668018206, 100124412
1751, 1668018386, 99987240
1752, 1668018446, 100100000
1753, 1668018988, 99963994
1754, 1668019076, 100100000
1755, 1668019977, 99975791
1756, 1668021148, 100100000
1757, 1668023069, 100218790
1758, 1668023130, 100100000
1759, 1668023340, 99994501
1760, 1668023820, 100200000
1761, 1668024211, 99970337
1762, 1668024271, 100100212
1763, 1668024391, 100300000
1764, 1668024451, 100124744
1765, 1668024511, 100233652
1766, 1668024901, 99915993
1767, 1668025081, 100019236
1768, 1668025621, 100144340
1769, 1668025772, 100033703
1770, 1668026042, 100148489
1771, 1668026222, 100372553
1772, 1668026342, 100540657
1773, 1668026402, 100300000
1774, 1668026942, 100635006
1775, 1668027032, 100888799
1776, 1668027094, 100372171
1777, 1668027153, 100507687
1778, 1668027213, 100400000
1779, 1668027273, 100538922
1780, 1668027423, 100382560
1781, 1668027573, 100245667
1782, 1668027603, 100400000
1783, 1668027633, 100549866
1784, 1668027693, 100400000
1785, 1668027814, 100208561
1786, 1668027873, 100394866
1787, 1668027934, 100549866
1788, 1668027994, 100400483
1789, 1668028023, 100215589
1790, 1668028113, 100400000
1791, 1668028323, 100642759
1792, 1668028594, 100134004
1793, 1668028654, 100400000
1794, 1668028684, 100592666
1795, 1668028744, 100367865
1796, 1668028774, 100134004
1797, 1668028834, 100300000
1798, 1668028894, 100464191
1799, 1668029105, 100600000
1800, 1668029224, 100706303
1801, 1668029285, 100582358
1802, 1668029375, 100403700
1803, 1668029465, 100608013
1804, 1668029615, 100725241
1805, 1668029675, 100599000
1806, 1668029765, 100435984
1807, 1668029825, 100304517
1808, 1668030065, 99957900
1809, 1668030245, 100200000
1810, 1668030425, 100306438
1811, 1668030935, 100425791
1812, 1668030996, 100320929
1813, 1668031116, 100425791
1814, 1668031236, 100251321
1815, 1668031296, 100477245
1816, 1668031356, 100290901
1817, 1668031656, 99978627
1818, 1668031686, 100115277
1819, 1668031896, 100276485
1820, 1668032016, 99903199
1821, 1668032046, 100102413
1822, 1668032136, 99896395
1823, 1668032166, 100120786
1824, 1668032376, 100015793
1825, 1668032556, 99889196
1826, 1668032707, 100042832
1827, 1668032827, 99884367
1828, 1668032887, 100020503
1829, 1668033427, 100190702
1830, 1668033757, 100008344
1831, 1668034178, 100189802
1832, 1668034538, 100082353
1833, 1668035199, 100200000
1834, 1668035588, 100325942
1835, 1668035708, 100200000
1836, 1668036249, 99989023
1837, 1668037450, 100100000
1838, 1668037781, 99972590
1839, 1668037960, 99822679
1840, 1668038141, 99928709
1841, 1668038171, 100074236
1842, 1668038321, 100180523
1843, 1668038351, 99944344
1844, 1668038441, 100119498
1845, 1668038531, 100015866
1846, 1668038771, 99870200
1847, 1668039011, 99976772
1848, 1668039041, 99870200
1849, 1668039161, 100022043
1850, 1668039281, 99826027
1851, 1668039401, 99966357
1852, 1668039491, 100088597
1853, 1668040302, 100211559
1854, 1668040422, 100100000
1855, 1668040452, 99996964
1856, 1668040572, 100123532
1857, 1668040632, 100000000
1858, 1668040902, 100133732
1859, 1668041113, 100011857
1860, 1668041443, 100130035
1861, 1668041743, 100029680
1862, 1668041803, 99900318
1863, 1668041983, 100083003
1864, 1668042135, 99954946
1865, 1668042313, 100103679
1866, 1668042644, 99871034
1867, 1668042824, 100007985
1868, 1668042854, 100121779
1869, 1668042884, 99718258
1870, 1668042944, 99949917
1871, 1668043094, 100145603
1872, 1668043184, 100043483
1873, 1668043935, 100250902
1874, 1668044205, 100400000
1875, 1668044445, 100048009
1876, 1668044625, 100373922
1877, 1668044655, 100492240
1878, 1668044715, 100170463
1879, 1668044805, 100044992
1880, 1668045046, 100278496
1881, 1668045106, 100165647
1882, 1668045165, 99882263
1883, 1668045195, 100100000
1884, 1668045225, 100314154
1885, 1668045315, 100145107
1886, 1668045706, 100297402
1887, 1668045916, 100175569
1888, 1668046186, 99992884
1889, 1668046246, 100100000
1890, 1668046456, 99931094
1891, 1668046636, 100163982
1892, 1668046936, 100040873
1893, 1668046967, 99934078
1894, 1668047056, 100068522
1895, 1668047087, 99892164
1896, 1668047176, 100049279
1897, 1668047206, 99892164
1898, 1668047327, 100029167
1899, 1668048527, 99847745
1900, 1668049068, 99962505
1901, 1668050058, 100151167
1902, 1668050118, 99986521
1903, 1668050178, 100121331
1904, 1668050208, 99882201
1905, 1668050298, 100224645
1906, 1668050388, 99969493
1907, 1668050568, 99844041
1908, 1668050718, 99989186
1909, 1668050778, 100300000
1910, 1668051079, 100078053
1911, 1668051169, 99859500
1912, 1668051259, 100065477
1913, 1668051289, 99859500
1914, 1668051409, 99992000
1915, 1668051590, 99799184
1916, 1668051620, 99909140
1917, 1668052130, 99804230
1918, 1668052851, 99923959
1919, 1668053481, 100100000
1920, 1668053541, 99942393
1921, 1668053601, 100100000
1922, 1668053721, 99959334
1923, 1668054411, 100070621
1924, 1668054531, 99806867
1925, 1668054729, 100027950
1926, 1668054759, 99882009
1927, 1668054819, 100000214
1928, 1668054909, 100174849
1929, 1668055149, 100052273
1930, 1668055329, 100200000
1931, 1668055479, 100400000
1932, 1668055509, 100296065
1933, 1668055540, 100100000
1934, 1668055599, 99984084
1935, 1668055660, 100100000
1936, 1668055720, 99984084
1937, 1668055840, 100100000
1938, 1668055900, 99984084
1939, 1668056020, 100184123
1940, 1668056080, 99981884
1941, 1668056141, 100200000
1942, 1668056200, 99924561
1943, 1668056260, 100251606
1944, 1668056320, 99871843
1945, 1668056950, 99742314
1946, 1668057101, 99911919
1947, 1668057191, 99752179
1948, 1668057341, 99953480
1949, 1668057371, 100079603
1950, 1668057491, 99943254
1951, 1668058331, 100200000
1952, 1668058392, 100039935
1953, 1668058451, 100200000
1954, 1668058542, 99995578
1955, 1668058842, 100097019
1956, 1668059022, 99919415
1957, 1668059082, 100100000
1958, 1668059622, 99986556
1959, 1668059713, 100200000
1960, 1668059772, 100059537
1961, 1668060012, 99941180
1962, 1668060042, 100100000
1963, 1668060162, 99969536
1964, 1668060283, 100100818
1965, 1668060403, 99908654
1966, 1668060463, 100196186
1967, 1668060583, 99922634
1968, 1668060973, 100200000
1969, 1668061153, 100095639
1970, 1668061213, 100150706
1971, 1668061273, 100000000
1972, 1668061603, 99895206
1973, 1668061934, 99770244
1974, 1668061964, 99881046
1975, 1668062804, 100040307
1976, 1668062834, 100200000
1977, 1668062865, 100040307
1978, 1668063014, 100200000
1979, 1668063044, 100500000
1980, 1668063104, 99931719
1981, 1668063165, 100500000
1982, 1668063195, 100386354
1983, 1668063225, 99969316
1984, 1668063285, 100160555
1985, 1668063375, 100500000
1986, 1668063405, 99962890
1987, 1668063525, 100400000
1988, 1668063885, 100027523
1989, 1668064155, 99923690
1990, 1668064276, 100032775
1991, 1668064606, 100400000
1992, 1668064816, 100115283
1993, 1668065176, 99810072
1994, 1668066227, 99667933
1995, 1668066707, 99966600
1996, 1668067278, 100100000
1997, 1668067308, 99960685
1998, 1668067367, 100100000
1999, 1668067488, 99922984
2000, 1668067548, 100100000
2001, 1668067638, 99922984
2002, 1668068178, 100300000
2003, 1668068569, 100094240
2004, 1668068719, 100400000
2005, 1668068839, 100600000
2006, 1668068869, 100002315
2007, 1668068899, 100600000
2008, 1668069139, 100131769
2009, 1668069199, 100600000
2010, 1668069259, 100137412
2011, 1668069289, 100600000
2012, 1668069409, 100088437
2013, 1668069469, 100600000
2014, 1668069529, 100330639
2015, 1668069590, 100559714
2016, 1668069650, 100160278
2017, 1668069679, 100024036
2018, 1668070610, 100300000
2019, 1668070880, 100100000
2020, 1668070911, 99891966
2021, 1668070940, 100100000
2022, 1668071301, 100400000
2023, 1668071751, 99923943
2024, 1668071752, 100134304
2025, 1668071841, 100300000
2026, 1668071871, 100047415
2027, 1668071962, 100300000
2028, 1668072051, 100047415
2029, 1668072382, 99844400
2030, 1668073282, 100002638
2031, 1668075143, 100124693
2032, 1668075173, 100000759
2033, 1668076434, 99898624
2034, 1668076675, 99750356
2035, 1668076795, 99912662
2036, 1668076975, 100155360
2037, 1668077035, 99825617
2038, 1668077275, 100047054
2039, 1668077755, 99777400
2040, 1668078385, 99601327
2041, 1668078505, 99709571
2042, 1668078686, 99568735
2043, 1668078746, 99709571
2044, 1668079256, 99501869
2045, 1668079616, 99641465
2046, 1668079947, 99855362
2047, 1668080157, 99572316
2048, 1668081988, 99249190
2049, 1668082048, 99543686
2050, 1668082078, 99244363
2051, 1668082108, 99543686
2052, 1668082288, 99108327
2053, 1668082409, 99503840
2054, 1668082469, 98948436
2055, 1668082589, 98833263
2056, 1668082649, 98991183
2057, 1668082768, 99117953
2058, 1668082769, 98662851
2059, 1668082889, 99114870
2060, 1668082979, 98560685
2061, 1668083039, 98722865
2062, 1668083099, 98910862
2063, 1668083219, 98766868
2064, 1668083279, 99108584
2065, 1668083339, 98660000
2066, 1668083399, 99146615
2067, 1668083519, 98868307
2068, 1668083669, 98972500
2069, 1668084119, 99118465
2070, 1668084359, 99256107
2071, 1668084510, 98972270
2072, 1668084540, 99083130
2073, 1668084570, 98836597
2074, 1668084690, 98715881
2075, 1668084750, 99191234
2076, 1668084870, 98779283
2077, 1668084900, 99101195
2078, 1668084990, 98790000
2079, 1668085050, 99101195
2080, 1668085170, 98992646
2081, 1668085470, 99266641
2082, 1668085530, 98940844
2083, 1668085561, 99221343
2084, 1668085711, 99065457
2085, 1668085772, 99266641
2086, 1668085951, 99441158
2087, 1668086461, 99337361
2088, 1668086641, 99437906
2089, 1668086972, 99335968
2090, 1668087002, 99560183
2091, 1668087033, 99669652
2092, 1668087122, 99468590
2093, 1668087182, 99612704
2094, 1668087242, 99482873
2095, 1668087302, 99690314
2096, 1668087422, 99287194
2097, 1668087512, 99477136
2098, 1668087572, 99335242
2099, 1668087752, 99438138
2100, 1668088473, 99538190
2101, 1668089464, 99640000
2102, 1668093066, 99750000
2103, 1668093216, 99850052
2104, 1668098860, 99967563
2105, 1668101232, 99866969
2106, 1668107836, 100026336
2107, 1668107926, 99854132
2108, 1668114591, 99746655
2109, 1668119244, 99870000
2110, 1668122667, 99763578
2111, 1668124528, 99866560
2112, 1668128461, 99970683
2113, 1668128641, 99820000
2114, 1668130502, 99921740
2115, 1668132603, 99808376
2116, 1668138487, 99706813
2117, 1668143261, 99823056
2118, 1668143321, 99720000
2119, 1668145602, 99826645
2120, 1668170160, 99929645
2121, 1668170250, 99828801
2122, 1668173372, 99948129
2123, 1668173522, 99834002
2124, 1668179466, 100048576
2125, 1668179556, 99830000
2126, 1668181627, 99954119
2127, 1668181657, 99839343
2128, 1668186520, 99964927
2129, 1668186610, 99834610
2130, 1668242870, 99732162
2131, 1668243651, 99835872
2132, 1668330057, 99868682
2133, 1668416477, 99859600
2134, 1668418938, 99974013
2135, 1668430376, 99870000
2136, 1668489217, 99982019
2137, 1668515126, 99880079
2138, 1668601546, 99935142
2139, 1668687950, 99968937
2140, 1668774380, 99916760
2141, 1668860810, 99901423
2142, 1668947240, 99903752
2143, 1669033669, 99888301
2144, 1669120070, 99903632
2145, 1669206477, 99907244